<?xml version="1.0" encoding="UTF-8"?>
<GenRun Id="impl_1" LaunchPart="xc7a100tcsg324-1" LaunchTime="1708509935">
  <File Type="ROUTE-PWR" Name="SHOW_DATA_power_routed.rpt"/>
  <File Type="PA-TCL" Name="SHOW_DATA.tcl"/>
  <File Type="BITSTR-MMI" Name="SHOW_DATA.mmi"/>
  <File Type="OPT-METHODOLOGY-DRC" Name="SHOW_DATA_methodology_drc_opted.rpt"/>
  <File Type="INIT-TIMING" Name="SHOW_DATA_timing_summary_init.rpt"/>
  <File Type="ROUTE-PWR-SUM" Name="SHOW_DATA_power_summary_routed.pb"/>
  <File Type="REPORTS-TCL" Name="SHOW_DATA_reports.tcl"/>
  <File Type="OPT-TIMING" Name="SHOW_DATA_timing_summary_opted.rpt"/>
  <File Type="OPT-DCP" Name="SHOW_DATA_opt.dcp"/>
  <File Type="OPT-DRC" Name="SHOW_DATA_drc_opted.rpt"/>
  <File Type="OPT-HWDEF" Name="SHOW_DATA.hwdef"/>
  <File Type="PWROPT-DCP" Name="SHOW_DATA_pwropt.dcp"/>
  <File Type="PWROPT-DRC" Name="SHOW_DATA_drc_pwropted.rpt"/>
  <File Type="PWROPT-TIMING" Name="SHOW_DATA_timing_summary_pwropted.rpt"/>
  <File Type="PLACE-DCP" Name="SHOW_DATA_placed.dcp"/>
  <File Type="PLACE-IO" Name="SHOW_DATA_io_placed.rpt"/>
  <File Type="PLACE-CLK" Name="SHOW_DATA_clock_utilization_placed.rpt"/>
  <File Type="PLACE-UTIL" Name="SHOW_DATA_utilization_placed.rpt"/>
  <File Type="PLACE-UTIL-PB" Name="SHOW_DATA_utilization_placed.pb"/>
  <File Type="PLACE-CTRL" Name="SHOW_DATA_control_sets_placed.rpt"/>
  <File Type="PLACE-SIMILARITY" Name="SHOW_DATA_incremental_reuse_placed.rpt"/>
  <File Type="PLACE-PRE-SIMILARITY" Name="SHOW_DATA_incremental_reuse_pre_placed.rpt"/>
  <File Type="BG-BIN" Name="SHOW_DATA.bin"/>
  <File Type="PLACE-TIMING" Name="SHOW_DATA_timing_summary_placed.rpt"/>
  <File Type="POSTPLACE-PWROPT-DCP" Name="SHOW_DATA_postplace_pwropt.dcp"/>
  <File Type="BITSTR-MSK" Name="SHOW_DATA.msk"/>
  <File Type="POSTPLACE-PWROPT-TIMING" Name="SHOW_DATA_timing_summary_postplace_pwropted.rpt"/>
  <File Type="PHYSOPT-DCP" Name="SHOW_DATA_physopt.dcp"/>
  <File Type="PHYSOPT-DRC" Name="SHOW_DATA_drc_physopted.rpt"/>
  <File Type="BITSTR-RBT" Name="SHOW_DATA.rbt"/>
  <File Type="PHYSOPT-TIMING" Name="SHOW_DATA_timing_summary_physopted.rpt"/>
  <File Type="ROUTE-ERROR-DCP" Name="SHOW_DATA_routed_error.dcp"/>
  <File Type="ROUTE-DCP" Name="SHOW_DATA_routed.dcp"/>
  <File Type="ROUTE-BLACKBOX-DCP" Name="SHOW_DATA_routed_bb.dcp"/>
  <File Type="ROUTE-DRC" Name="SHOW_DATA_drc_routed.rpt"/>
  <File Type="ROUTE-DRC-PB" Name="SHOW_DATA_drc_routed.pb"/>
  <File Type="ROUTE-DRC-RPX" Name="SHOW_DATA_drc_routed.rpx"/>
  <File Type="ROUTE-METHODOLOGY-DRC" Name="SHOW_DATA_methodology_drc_routed.rpt"/>
  <File Type="ROUTE-METHODOLOGY-DRC-RPX" Name="SHOW_DATA_methodology_drc_routed.rpx"/>
  <File Type="ROUTE-METHODOLOGY-DRC-PB" Name="SHOW_DATA_methodology_drc_routed.pb"/>
  <File Type="ROUTE-PWR-RPX" Name="SHOW_DATA_power_routed.rpx"/>
  <File Type="ROUTE-STATUS" Name="SHOW_DATA_route_status.rpt"/>
  <File Type="ROUTE-STATUS-PB" Name="SHOW_DATA_route_status.pb"/>
  <File Type="ROUTE-TIMINGSUMMARY" Name="SHOW_DATA_timing_summary_routed.rpt"/>
  <File Type="ROUTE-TIMING-PB" Name="SHOW_DATA_timing_summary_routed.pb"/>
  <File Type="ROUTE-TIMING-RPX" Name="SHOW_DATA_timing_summary_routed.rpx"/>
  <File Type="ROUTE-SIMILARITY" Name="SHOW_DATA_incremental_reuse_routed.rpt"/>
  <File Type="ROUTE-CLK" Name="SHOW_DATA_clock_utilization_routed.rpt"/>
  <File Type="ROUTE-BUS-SKEW" Name="SHOW_DATA_bus_skew_routed.rpt"/>
  <File Type="ROUTE-BUS-SKEW-PB" Name="SHOW_DATA_bus_skew_routed.pb"/>
  <File Type="ROUTE-BUS-SKEW-RPX" Name="SHOW_DATA_bus_skew_routed.rpx"/>
  <File Type="POSTROUTE-PHYSOPT-DCP" Name="SHOW_DATA_postroute_physopt.dcp"/>
  <File Type="POSTROUTE-PHYSOPT-BLACKBOX-DCP" Name="SHOW_DATA_postroute_physopt_bb.dcp"/>
  <File Type="POSTROUTE-PHYSOPT-TIMING" Name="SHOW_DATA_timing_summary_postroute_physopted.rpt"/>
  <File Type="POSTROUTE-PHYSOPT-TIMING-PB" Name="SHOW_DATA_timing_summary_postroute_physopted.pb"/>
  <File Type="POSTROUTE-PHYSOPT-TIMING-RPX" Name="SHOW_DATA_timing_summary_postroute_physopted.rpx"/>
  <File Type="POSTROUTE-PHYSOPT-BUS-SKEW" Name="SHOW_DATA_bus_skew_postroute_physopted.rpt"/>
  <File Type="BG-BIT" Name="SHOW_DATA.bit"/>
  <File Type="POSTROUTE-PHYSOPT-BUS-SKEW-PB" Name="SHOW_DATA_bus_skew_postroute_physopted.pb"/>
  <File Type="POSTROUTE-PHYSOPT-BUS-SKEW-RPX" Name="SHOW_DATA_bus_skew_postroute_physopted.rpx"/>
  <File Type="BITSTR-NKY" Name="SHOW_DATA.nky"/>
  <File Type="BITSTR-BMM" Name="SHOW_DATA_bd.bmm"/>
  <File Type="PDI-FILE" Name="SHOW_DATA.pdi"/>
  <File Type="RCFI_FILE" Name="SHOW_DATA.rcfi"/>
  <File Type="CFI_FILE" Name="SHOW_DATA.cfi"/>
  <File Type="RNPI_FILE" Name="SHOW_DATA.rnpi"/>
  <File Type="NPI_FILE" Name="SHOW_DATA.npi"/>
  <File Type="RBD_FILE" Name="SHOW_DATA.rbd"/>
  <File Type="BITSTR-LTX" Name="debug_nets.ltx"/>
  <File Type="BITSTR-LTX" Name="SHOW_DATA.ltx"/>
  <File Type="BITSTR-SYSDEF" Name="SHOW_DATA.sysdef"/>
  <File Type="BG-BGN" Name="SHOW_DATA.bgn"/>
  <File Type="BG-DRC" Name="SHOW_DATA.drc"/>
  <File Type="RDI-RDI" Name="SHOW_DATA.vdi"/>
  <File Type="WBT-USG" Name="usage_statistics_webtalk.html"/>
  <FileSet Name="sources" Type="DesignSrcs" RelSrcDir="$PSRCDIR/sources_1" RelGenDir="$PGENDIR/sources_1">
    <Filter Type="Srcs"/>
    <File Path="$PSRCDIR/sources_1/imports/Downloads/DISP7SEG.vhd">
      <FileInfo>
        <Attr Name="ImportPath" Val="$PPRDIR/../Downloads/DISP7SEG.vhd"/>
        <Attr Name="ImportTime" Val="1708505800"/>
        <Attr Name="UsedIn" Val="synthesis"/>
        <Attr Name="UsedIn" Val="simulation"/>
      </FileInfo>
    </File>
    <File Path="$PSRCDIR/sources_1/imports/Downloads/MUX2.vhd">
      <FileInfo>
        <Attr Name="ImportPath" Val="$PPRDIR/../Downloads/MUX2.vhd"/>
        <Attr Name="ImportTime" Val="1708506419"/>
        <Attr Name="UsedIn" Val="synthesis"/>
        <Attr Name="UsedIn" Val="simulation"/>
      </FileInfo>
    </File>
    <File Path="$PSRCDIR/sources_1/new/SHOW_DATA.vhd">
      <FileInfo>
        <Attr Name="UsedIn" Val="synthesis"/>
        <Attr Name="UsedIn" Val="simulation"/>
      </FileInfo>
    </File>
    <Config>
      <Option Name="DesignMode" Val="RTL"/>
      <Option Name="TopModule" Val="SHOW_DATA"/>
      <Option Name="TopAutoSet" Val="TRUE"/>
    </Config>
  </FileSet>
  <FileSet Name="constrs_in" Type="Constrs" RelSrcDir="$PSRCDIR/constrs_1">
    <Filter Type="Constrs"/>
    <File Path="$PSRCDIR/constrs_1/new/SHOW_DATA.xdc">
      <FileInfo>
        <Attr Name="UsedIn" Val="synthesis"/>
        <Attr Name="UsedIn" Val="implementation"/>
      </FileInfo>
    </File>
    <Config>
      <Option Name="ConstrsType" Val="XDC"/>
    </Config>
  </FileSet>
  <FileSet Name="utils" Type="Utils" RelSrcDir="$PSRCDIR/utils_1">
    <Filter Type="Utils"/>
    <Config>
      <Option Name="TopAutoSet" Val="TRUE"/>
    </Config>
  </FileSet>
  <Strategy Version="1" Minor="2">
    <StratHandle Name="Vivado Implementation Defaults" Flow="Vivado Implementation 2021">
      <Desc>Default settings for Implementation.</Desc>
    </StratHandle>
    <Step Id="init_design"/>
    <Step Id="opt_design"/>
    <Step Id="power_opt_design"/>
    <Step Id="place_design"/>
    <Step Id="post_place_power_opt_design"/>
    <Step Id="phys_opt_design"/>
    <Step Id="route_design"/>
    <Step Id="post_route_phys_opt_design"/>
    <Step Id="write_bitstream"/>
  </Strategy>
</GenRun>
