<?xml version="1.0" encoding="UTF-8"?>
<GenRun Id="synth_1" LaunchPart="xc7a100tcsg324-1" LaunchTime="1712744436">
  <File Type="PA-TCL" Name="RAM_WF_MxN.tcl"/>
  <File Type="RDS-PROPCONSTRS" Name="RAM_WF_MxN_drc_synth.rpt"/>
  <File Type="REPORTS-TCL" Name="RAM_WF_MxN_reports.tcl"/>
  <File Type="RDS-RDS" Name="RAM_WF_MxN.vds"/>
  <File Type="RDS-UTIL" Name="RAM_WF_MxN_utilization_synth.rpt"/>
  <File Type="RDS-UTIL-PB" Name="RAM_WF_MxN_utilization_synth.pb"/>
  <File Type="RDS-DCP" Name="RAM_WF_MxN.dcp"/>
  <File Type="VDS-TIMINGSUMMARY" Name="RAM_WF_MxN_timing_summary_synth.rpt"/>
  <File Type="VDS-TIMING-PB" Name="RAM_WF_MxN_timing_summary_synth.pb"/>
  <FileSet Name="sources" Type="DesignSrcs" RelSrcDir="$PSRCDIR/sources_1" RelGenDir="$PGENDIR/sources_1">
    <Filter Type="Srcs"/>
    <File Path="$PSRCDIR/sources_1/new/RAM_WF_MxN.vhd">
      <FileInfo>
        <Attr Name="UsedIn" Val="synthesis"/>
        <Attr Name="UsedIn" Val="simulation"/>
      </FileInfo>
    </File>
    <Config>
      <Option Name="DesignMode" Val="RTL"/>
      <Option Name="TopModule" Val="RAM_WF_MxN"/>
      <Option Name="TopAutoSet" Val="TRUE"/>
    </Config>
  </FileSet>
  <FileSet Name="constrs_in" Type="Constrs" RelSrcDir="$PSRCDIR/constrs_1">
    <Filter Type="Constrs"/>
    <Config>
      <Option Name="ConstrsType" Val="XDC"/>
    </Config>
  </FileSet>
  <FileSet Name="utils" Type="Utils" RelSrcDir="$PSRCDIR/utils_1">
    <Filter Type="Utils"/>
    <Config>
      <Option Name="TopAutoSet" Val="TRUE"/>
    </Config>
  </FileSet>
  <Strategy Version="1" Minor="2">
    <StratHandle Name="Vivado Synthesis Defaults" Flow="Vivado Synthesis 2021">
      <Desc>Vivado Synthesis Defaults</Desc>
    </StratHandle>
    <Step Id="synth_design"/>
  </Strategy>
</GenRun>
