<?xml version="1.0" encoding="UTF-8"?>
<GenRun Id="synth_1" LaunchPart="xc7a100tcsg324-1" LaunchTime="1708509918">
  <File Type="PA-TCL" Name="SHOW_DATA.tcl"/>
  <File Type="RDS-PROPCONSTRS" Name="SHOW_DATA_drc_synth.rpt"/>
  <File Type="REPORTS-TCL" Name="SHOW_DATA_reports.tcl"/>
  <File Type="RDS-RDS" Name="SHOW_DATA.vds"/>
  <File Type="RDS-UTIL" Name="SHOW_DATA_utilization_synth.rpt"/>
  <File Type="RDS-UTIL-PB" Name="SHOW_DATA_utilization_synth.pb"/>
  <File Type="RDS-DCP" Name="SHOW_DATA.dcp"/>
  <File Type="VDS-TIMINGSUMMARY" Name="SHOW_DATA_timing_summary_synth.rpt"/>
  <File Type="VDS-TIMING-PB" Name="SHOW_DATA_timing_summary_synth.pb"/>
  <FileSet Name="sources" Type="DesignSrcs" RelSrcDir="$PSRCDIR/sources_1" RelGenDir="$PGENDIR/sources_1">
    <Filter Type="Srcs"/>
    <File Path="$PSRCDIR/sources_1/imports/Downloads/DISP7SEG.vhd">
      <FileInfo>
        <Attr Name="ImportPath" Val="$PPRDIR/../Downloads/DISP7SEG.vhd"/>
        <Attr Name="ImportTime" Val="1708505800"/>
        <Attr Name="UsedIn" Val="synthesis"/>
        <Attr Name="UsedIn" Val="simulation"/>
      </FileInfo>
    </File>
    <File Path="$PSRCDIR/sources_1/imports/Downloads/MUX2.vhd">
      <FileInfo>
        <Attr Name="ImportPath" Val="$PPRDIR/../Downloads/MUX2.vhd"/>
        <Attr Name="ImportTime" Val="1708506419"/>
        <Attr Name="UsedIn" Val="synthesis"/>
        <Attr Name="UsedIn" Val="simulation"/>
      </FileInfo>
    </File>
    <File Path="$PSRCDIR/sources_1/new/SHOW_DATA.vhd">
      <FileInfo>
        <Attr Name="UsedIn" Val="synthesis"/>
        <Attr Name="UsedIn" Val="simulation"/>
      </FileInfo>
    </File>
    <Config>
      <Option Name="DesignMode" Val="RTL"/>
      <Option Name="TopModule" Val="SHOW_DATA"/>
      <Option Name="TopAutoSet" Val="TRUE"/>
    </Config>
  </FileSet>
  <FileSet Name="constrs_in" Type="Constrs" RelSrcDir="$PSRCDIR/constrs_1">
    <Filter Type="Constrs"/>
    <File Path="$PSRCDIR/constrs_1/new/SHOW_DATA.xdc">
      <FileInfo>
        <Attr Name="UsedIn" Val="synthesis"/>
        <Attr Name="UsedIn" Val="implementation"/>
      </FileInfo>
    </File>
    <Config>
      <Option Name="ConstrsType" Val="XDC"/>
    </Config>
  </FileSet>
  <FileSet Name="utils" Type="Utils" RelSrcDir="$PSRCDIR/utils_1">
    <Filter Type="Utils"/>
    <Config>
      <Option Name="TopAutoSet" Val="TRUE"/>
    </Config>
  </FileSet>
  <Strategy Version="1" Minor="2">
    <StratHandle Name="Vivado Synthesis Defaults" Flow="Vivado Synthesis 2021">
      <Desc>Vivado Synthesis Defaults</Desc>
    </StratHandle>
    <Step Id="synth_design"/>
  </Strategy>
</GenRun>
