<?xml version="1.0" encoding="UTF-8"?>
<GenRun Id="impl_1" LaunchPart="xc7a100tcsg324-1" LaunchTime="1708516359">
  <File Type="ROUTE-PWR" Name="AND_GATE_power_routed.rpt"/>
  <File Type="PA-TCL" Name="AND_GATE.tcl"/>
  <File Type="BITSTR-MMI" Name="AND_GATE.mmi"/>
  <File Type="OPT-METHODOLOGY-DRC" Name="AND_GATE_methodology_drc_opted.rpt"/>
  <File Type="INIT-TIMING" Name="AND_GATE_timing_summary_init.rpt"/>
  <File Type="ROUTE-PWR-SUM" Name="AND_GATE_power_summary_routed.pb"/>
  <File Type="REPORTS-TCL" Name="AND_GATE_reports.tcl"/>
  <File Type="OPT-TIMING" Name="AND_GATE_timing_summary_opted.rpt"/>
  <File Type="OPT-DCP" Name="AND_GATE_opt.dcp"/>
  <File Type="OPT-DRC" Name="AND_GATE_drc_opted.rpt"/>
  <File Type="OPT-HWDEF" Name="AND_GATE.hwdef"/>
  <File Type="PWROPT-DCP" Name="AND_GATE_pwropt.dcp"/>
  <File Type="PWROPT-DRC" Name="AND_GATE_drc_pwropted.rpt"/>
  <File Type="PWROPT-TIMING" Name="AND_GATE_timing_summary_pwropted.rpt"/>
  <File Type="PLACE-DCP" Name="AND_GATE_placed.dcp"/>
  <File Type="PLACE-IO" Name="AND_GATE_io_placed.rpt"/>
  <File Type="PLACE-CLK" Name="AND_GATE_clock_utilization_placed.rpt"/>
  <File Type="PLACE-UTIL" Name="AND_GATE_utilization_placed.rpt"/>
  <File Type="PLACE-UTIL-PB" Name="AND_GATE_utilization_placed.pb"/>
  <File Type="PLACE-CTRL" Name="AND_GATE_control_sets_placed.rpt"/>
  <File Type="PLACE-SIMILARITY" Name="AND_GATE_incremental_reuse_placed.rpt"/>
  <File Type="PLACE-PRE-SIMILARITY" Name="AND_GATE_incremental_reuse_pre_placed.rpt"/>
  <File Type="BG-BIN" Name="AND_GATE.bin"/>
  <File Type="PLACE-TIMING" Name="AND_GATE_timing_summary_placed.rpt"/>
  <File Type="POSTPLACE-PWROPT-DCP" Name="AND_GATE_postplace_pwropt.dcp"/>
  <File Type="BITSTR-MSK" Name="AND_GATE.msk"/>
  <File Type="POSTPLACE-PWROPT-TIMING" Name="AND_GATE_timing_summary_postplace_pwropted.rpt"/>
  <File Type="PHYSOPT-DCP" Name="AND_GATE_physopt.dcp"/>
  <File Type="PHYSOPT-DRC" Name="AND_GATE_drc_physopted.rpt"/>
  <File Type="BITSTR-RBT" Name="AND_GATE.rbt"/>
  <File Type="PHYSOPT-TIMING" Name="AND_GATE_timing_summary_physopted.rpt"/>
  <File Type="ROUTE-ERROR-DCP" Name="AND_GATE_routed_error.dcp"/>
  <File Type="ROUTE-DCP" Name="AND_GATE_routed.dcp"/>
  <File Type="ROUTE-BLACKBOX-DCP" Name="AND_GATE_routed_bb.dcp"/>
  <File Type="ROUTE-DRC" Name="AND_GATE_drc_routed.rpt"/>
  <File Type="ROUTE-DRC-PB" Name="AND_GATE_drc_routed.pb"/>
  <File Type="ROUTE-DRC-RPX" Name="AND_GATE_drc_routed.rpx"/>
  <File Type="ROUTE-METHODOLOGY-DRC" Name="AND_GATE_methodology_drc_routed.rpt"/>
  <File Type="ROUTE-METHODOLOGY-DRC-RPX" Name="AND_GATE_methodology_drc_routed.rpx"/>
  <File Type="ROUTE-METHODOLOGY-DRC-PB" Name="AND_GATE_methodology_drc_routed.pb"/>
  <File Type="ROUTE-PWR-RPX" Name="AND_GATE_power_routed.rpx"/>
  <File Type="ROUTE-STATUS" Name="AND_GATE_route_status.rpt"/>
  <File Type="ROUTE-STATUS-PB" Name="AND_GATE_route_status.pb"/>
  <File Type="ROUTE-TIMINGSUMMARY" Name="AND_GATE_timing_summary_routed.rpt"/>
  <File Type="ROUTE-TIMING-PB" Name="AND_GATE_timing_summary_routed.pb"/>
  <File Type="ROUTE-TIMING-RPX" Name="AND_GATE_timing_summary_routed.rpx"/>
  <File Type="ROUTE-SIMILARITY" Name="AND_GATE_incremental_reuse_routed.rpt"/>
  <File Type="ROUTE-CLK" Name="AND_GATE_clock_utilization_routed.rpt"/>
  <File Type="ROUTE-BUS-SKEW" Name="AND_GATE_bus_skew_routed.rpt"/>
  <File Type="ROUTE-BUS-SKEW-PB" Name="AND_GATE_bus_skew_routed.pb"/>
  <File Type="ROUTE-BUS-SKEW-RPX" Name="AND_GATE_bus_skew_routed.rpx"/>
  <File Type="POSTROUTE-PHYSOPT-DCP" Name="AND_GATE_postroute_physopt.dcp"/>
  <File Type="POSTROUTE-PHYSOPT-BLACKBOX-DCP" Name="AND_GATE_postroute_physopt_bb.dcp"/>
  <File Type="POSTROUTE-PHYSOPT-TIMING" Name="AND_GATE_timing_summary_postroute_physopted.rpt"/>
  <File Type="POSTROUTE-PHYSOPT-TIMING-PB" Name="AND_GATE_timing_summary_postroute_physopted.pb"/>
  <File Type="POSTROUTE-PHYSOPT-TIMING-RPX" Name="AND_GATE_timing_summary_postroute_physopted.rpx"/>
  <File Type="POSTROUTE-PHYSOPT-BUS-SKEW" Name="AND_GATE_bus_skew_postroute_physopted.rpt"/>
  <File Type="BG-BIT" Name="AND_GATE.bit"/>
  <File Type="POSTROUTE-PHYSOPT-BUS-SKEW-PB" Name="AND_GATE_bus_skew_postroute_physopted.pb"/>
  <File Type="POSTROUTE-PHYSOPT-BUS-SKEW-RPX" Name="AND_GATE_bus_skew_postroute_physopted.rpx"/>
  <File Type="BITSTR-NKY" Name="AND_GATE.nky"/>
  <File Type="BITSTR-BMM" Name="AND_GATE_bd.bmm"/>
  <File Type="PDI-FILE" Name="AND_GATE.pdi"/>
  <File Type="RCFI_FILE" Name="AND_GATE.rcfi"/>
  <File Type="CFI_FILE" Name="AND_GATE.cfi"/>
  <File Type="RNPI_FILE" Name="AND_GATE.rnpi"/>
  <File Type="NPI_FILE" Name="AND_GATE.npi"/>
  <File Type="RBD_FILE" Name="AND_GATE.rbd"/>
  <File Type="BITSTR-LTX" Name="debug_nets.ltx"/>
  <File Type="BITSTR-LTX" Name="AND_GATE.ltx"/>
  <File Type="BITSTR-SYSDEF" Name="AND_GATE.sysdef"/>
  <File Type="BG-BGN" Name="AND_GATE.bgn"/>
  <File Type="BG-DRC" Name="AND_GATE.drc"/>
  <File Type="RDI-RDI" Name="AND_GATE.vdi"/>
  <File Type="WBT-USG" Name="usage_statistics_webtalk.html"/>
  <FileSet Name="sources" Type="DesignSrcs" RelSrcDir="$PSRCDIR/sources_1" RelGenDir="$PGENDIR/sources_1">
    <Filter Type="Srcs"/>
    <File Path="$PSRCDIR/sources_1/imports/LIB_TDC/COMBINATIONAL.vhd">
      <FileInfo>
        <Attr Name="Library" Val="LIB_TDC"/>
        <Attr Name="ImportPath" Val="$PPRDIR/../Desktop/LIB_TDC/COMBINATIONAL.vhd"/>
        <Attr Name="ImportTime" Val="1708512647"/>
        <Attr Name="UsedIn" Val="synthesis"/>
        <Attr Name="UsedIn" Val="simulation"/>
      </FileInfo>
    </File>
    <File Path="$PSRCDIR/sources_1/imports/LIB_TDC/AND_GATE.vhd">
      <FileInfo>
        <Attr Name="Library" Val="LIB_TDC"/>
        <Attr Name="ImportPath" Val="$PPRDIR/../Desktop/LIB_TDC/AND_GATE.vhd"/>
        <Attr Name="ImportTime" Val="1708510727"/>
        <Attr Name="UsedIn" Val="synthesis"/>
        <Attr Name="UsedIn" Val="simulation"/>
      </FileInfo>
    </File>
    <File Path="$PSRCDIR/sources_1/imports/LIB_TDC/FULL_ADDER.vhd">
      <FileInfo>
        <Attr Name="Library" Val="LIB_TDC"/>
        <Attr Name="ImportPath" Val="$PPRDIR/../Desktop/LIB_TDC/FULL_ADDER.vhd"/>
        <Attr Name="ImportTime" Val="1708510946"/>
        <Attr Name="UsedIn" Val="synthesis"/>
        <Attr Name="UsedIn" Val="simulation"/>
      </FileInfo>
    </File>
    <File Path="$PSRCDIR/sources_1/imports/LIB_TDC/MUX4.vhd">
      <FileInfo>
        <Attr Name="Library" Val="LIB_TDC"/>
        <Attr Name="ImportPath" Val="$PPRDIR/../Desktop/LIB_TDC/MUX4.vhd"/>
        <Attr Name="ImportTime" Val="1708510727"/>
        <Attr Name="UsedIn" Val="synthesis"/>
        <Attr Name="UsedIn" Val="simulation"/>
      </FileInfo>
    </File>
    <File Path="$PSRCDIR/sources_1/imports/LIB_TDC/XOR_GATE.vhd">
      <FileInfo>
        <Attr Name="Library" Val="LIB_TDC"/>
        <Attr Name="ImportPath" Val="$PPRDIR/../Desktop/LIB_TDC/XOR_GATE.vhd"/>
        <Attr Name="ImportTime" Val="1708510727"/>
        <Attr Name="UsedIn" Val="synthesis"/>
        <Attr Name="UsedIn" Val="simulation"/>
      </FileInfo>
    </File>
    <File Path="$PSRCDIR/sources_1/new/ALU_1bit.vhd">
      <FileInfo>
        <Attr Name="UsedIn" Val="synthesis"/>
        <Attr Name="UsedIn" Val="simulation"/>
      </FileInfo>
    </File>
    <File Path="$PSRCDIR/sources_1/imports/LIB_TDC/DISP7SEG.vhd">
      <FileInfo>
        <Attr Name="Library" Val="LIB_TDC"/>
        <Attr Name="AutoDisabled" Val="1"/>
        <Attr Name="ImportPath" Val="$PPRDIR/../Desktop/LIB_TDC/DISP7SEG.vhd"/>
        <Attr Name="ImportTime" Val="1708505800"/>
        <Attr Name="UsedIn" Val="synthesis"/>
        <Attr Name="UsedIn" Val="simulation"/>
      </FileInfo>
    </File>
    <File Path="$PSRCDIR/sources_1/imports/LIB_TDC/MUX2.vhd">
      <FileInfo>
        <Attr Name="Library" Val="LIB_TDC"/>
        <Attr Name="AutoDisabled" Val="1"/>
        <Attr Name="ImportPath" Val="$PPRDIR/../Desktop/LIB_TDC/MUX2.vhd"/>
        <Attr Name="ImportTime" Val="1708506419"/>
        <Attr Name="UsedIn" Val="synthesis"/>
        <Attr Name="UsedIn" Val="simulation"/>
      </FileInfo>
    </File>
    <File Path="$PSRCDIR/sources_1/imports/LIB_TDC/NOR_GATE.vhd">
      <FileInfo>
        <Attr Name="Library" Val="LIB_TDC"/>
        <Attr Name="AutoDisabled" Val="1"/>
        <Attr Name="ImportPath" Val="$PPRDIR/../Desktop/LIB_TDC/NOR_GATE.vhd"/>
        <Attr Name="ImportTime" Val="1708510727"/>
        <Attr Name="UsedIn" Val="synthesis"/>
        <Attr Name="UsedIn" Val="simulation"/>
      </FileInfo>
    </File>
    <Config>
      <Option Name="DesignMode" Val="RTL"/>
      <Option Name="TopModule" Val="ALU_1bit"/>
      <Option Name="TopAutoSet" Val="TRUE"/>
    </Config>
  </FileSet>
  <FileSet Name="constrs_in" Type="Constrs" RelSrcDir="$PSRCDIR/constrs_1">
    <Filter Type="Constrs"/>
    <Config>
      <Option Name="ConstrsType" Val="XDC"/>
    </Config>
  </FileSet>
  <FileSet Name="utils" Type="Utils" RelSrcDir="$PSRCDIR/utils_1">
    <Filter Type="Utils"/>
    <Config>
      <Option Name="TopAutoSet" Val="TRUE"/>
    </Config>
  </FileSet>
  <Strategy Version="1" Minor="2">
    <StratHandle Name="Vivado Implementation Defaults" Flow="Vivado Implementation 2021">
      <Desc>Default settings for Implementation.</Desc>
    </StratHandle>
    <Step Id="init_design"/>
    <Step Id="opt_design"/>
    <Step Id="power_opt_design"/>
    <Step Id="place_design"/>
    <Step Id="post_place_power_opt_design"/>
    <Step Id="phys_opt_design"/>
    <Step Id="route_design"/>
    <Step Id="post_route_phys_opt_design"/>
    <Step Id="write_bitstream"/>
  </Strategy>
</GenRun>
