<?xml version="1.0" encoding="UTF-8"?>
<GenRun Id="synth_1" LaunchPart="xc7a100tcsg324-1" LaunchTime="1712135674">
  <File Type="PA-TCL" Name="DISP7SEG_8ON.tcl"/>
  <File Type="RDS-PROPCONSTRS" Name="DISP7SEG_8ON_drc_synth.rpt"/>
  <File Type="REPORTS-TCL" Name="DISP7SEG_8ON_reports.tcl"/>
  <File Type="RDS-RDS" Name="DISP7SEG_8ON.vds"/>
  <File Type="RDS-UTIL" Name="DISP7SEG_8ON_utilization_synth.rpt"/>
  <File Type="RDS-UTIL-PB" Name="DISP7SEG_8ON_utilization_synth.pb"/>
  <File Type="RDS-DCP" Name="DISP7SEG_8ON.dcp"/>
  <File Type="VDS-TIMINGSUMMARY" Name="DISP7SEG_8ON_timing_summary_synth.rpt"/>
  <File Type="VDS-TIMING-PB" Name="DISP7SEG_8ON_timing_summary_synth.pb"/>
  <FileSet Name="sources" Type="DesignSrcs" RelSrcDir="$PSRCDIR/sources_1" RelGenDir="$PGENDIR/sources_1">
    <Filter Type="Srcs"/>
    <File Path="$PSRCDIR/sources_1/imports/new/CE_N_Hz.vhd">
      <FileInfo>
        <Attr Name="ImportPath" Val="$PPRDIR/../project_19/project_19.srcs/sources_1/new/CE_N_Hz.vhd"/>
        <Attr Name="ImportTime" Val="1710929672"/>
        <Attr Name="UsedIn" Val="synthesis"/>
        <Attr Name="UsedIn" Val="simulation"/>
      </FileInfo>
    </File>
    <File Path="$PSRCDIR/sources_1/imports/Downloads/COUNTER_N_bits.vhd">
      <FileInfo>
        <Attr Name="ImportPath" Val="$PPRDIR/../../../Downloads/COUNTER_N_bits.vhd"/>
        <Attr Name="ImportTime" Val="1712129993"/>
        <Attr Name="UsedIn" Val="synthesis"/>
        <Attr Name="UsedIn" Val="simulation"/>
      </FileInfo>
    </File>
    <File Path="$PSRCDIR/sources_1/imports/LIB_TDC/DISP7SEG.vhd">
      <FileInfo>
        <Attr Name="ImportPath" Val="$PPRDIR/../../LIB_TDC/DISP7SEG.vhd"/>
        <Attr Name="ImportTime" Val="1708505800"/>
        <Attr Name="UsedIn" Val="synthesis"/>
        <Attr Name="UsedIn" Val="simulation"/>
      </FileInfo>
    </File>
    <File Path="$PSRCDIR/sources_1/new/DISP7SEG_8ON.vhd">
      <FileInfo>
        <Attr Name="UsedIn" Val="synthesis"/>
        <Attr Name="UsedIn" Val="simulation"/>
      </FileInfo>
    </File>
    <Config>
      <Option Name="DesignMode" Val="RTL"/>
      <Option Name="TopModule" Val="DISP7SEG_8ON"/>
      <Option Name="TopAutoSet" Val="TRUE"/>
    </Config>
  </FileSet>
  <FileSet Name="constrs_in" Type="Constrs" RelSrcDir="$PSRCDIR/constrs_1">
    <Filter Type="Constrs"/>
    <File Path="$PSRCDIR/constrs_1/new/restricc.xdc">
      <FileInfo>
        <Attr Name="UsedIn" Val="synthesis"/>
        <Attr Name="UsedIn" Val="implementation"/>
      </FileInfo>
    </File>
    <Config>
      <Option Name="ConstrsType" Val="XDC"/>
    </Config>
  </FileSet>
  <FileSet Name="utils" Type="Utils" RelSrcDir="$PSRCDIR/utils_1">
    <Filter Type="Utils"/>
    <Config>
      <Option Name="TopAutoSet" Val="TRUE"/>
    </Config>
  </FileSet>
  <Strategy Version="1" Minor="2">
    <StratHandle Name="Vivado Synthesis Defaults" Flow="Vivado Synthesis 2021"/>
    <Step Id="synth_design"/>
  </Strategy>
</GenRun>
