<?xml version="1.0" encoding="UTF-8"?>
<GenRun Id="impl_1" LaunchPart="xc7a100tcsg324-1" LaunchTime="1710326252">
  <File Type="ROUTE-PWR" Name="EDGE_DETECTOR_00_power_routed.rpt"/>
  <File Type="PA-TCL" Name="EDGE_DETECTOR_00.tcl"/>
  <File Type="BITSTR-MMI" Name="EDGE_DETECTOR_00.mmi"/>
  <File Type="OPT-METHODOLOGY-DRC" Name="EDGE_DETECTOR_00_methodology_drc_opted.rpt"/>
  <File Type="INIT-TIMING" Name="EDGE_DETECTOR_00_timing_summary_init.rpt"/>
  <File Type="ROUTE-PWR-SUM" Name="EDGE_DETECTOR_00_power_summary_routed.pb"/>
  <File Type="REPORTS-TCL" Name="EDGE_DETECTOR_00_reports.tcl"/>
  <File Type="OPT-TIMING" Name="EDGE_DETECTOR_00_timing_summary_opted.rpt"/>
  <File Type="OPT-DCP" Name="EDGE_DETECTOR_00_opt.dcp"/>
  <File Type="OPT-DRC" Name="EDGE_DETECTOR_00_drc_opted.rpt"/>
  <File Type="OPT-HWDEF" Name="EDGE_DETECTOR_00.hwdef"/>
  <File Type="PWROPT-DCP" Name="EDGE_DETECTOR_00_pwropt.dcp"/>
  <File Type="PWROPT-DRC" Name="EDGE_DETECTOR_00_drc_pwropted.rpt"/>
  <File Type="PWROPT-TIMING" Name="EDGE_DETECTOR_00_timing_summary_pwropted.rpt"/>
  <File Type="PLACE-DCP" Name="EDGE_DETECTOR_00_placed.dcp"/>
  <File Type="PLACE-IO" Name="EDGE_DETECTOR_00_io_placed.rpt"/>
  <File Type="PLACE-CLK" Name="EDGE_DETECTOR_00_clock_utilization_placed.rpt"/>
  <File Type="PLACE-UTIL" Name="EDGE_DETECTOR_00_utilization_placed.rpt"/>
  <File Type="PLACE-UTIL-PB" Name="EDGE_DETECTOR_00_utilization_placed.pb"/>
  <File Type="PLACE-CTRL" Name="EDGE_DETECTOR_00_control_sets_placed.rpt"/>
  <File Type="PLACE-SIMILARITY" Name="EDGE_DETECTOR_00_incremental_reuse_placed.rpt"/>
  <File Type="PLACE-PRE-SIMILARITY" Name="EDGE_DETECTOR_00_incremental_reuse_pre_placed.rpt"/>
  <File Type="BG-BIN" Name="EDGE_DETECTOR_00.bin"/>
  <File Type="PLACE-TIMING" Name="EDGE_DETECTOR_00_timing_summary_placed.rpt"/>
  <File Type="POSTPLACE-PWROPT-DCP" Name="EDGE_DETECTOR_00_postplace_pwropt.dcp"/>
  <File Type="BITSTR-MSK" Name="EDGE_DETECTOR_00.msk"/>
  <File Type="POSTPLACE-PWROPT-TIMING" Name="EDGE_DETECTOR_00_timing_summary_postplace_pwropted.rpt"/>
  <File Type="PHYSOPT-DCP" Name="EDGE_DETECTOR_00_physopt.dcp"/>
  <File Type="PHYSOPT-DRC" Name="EDGE_DETECTOR_00_drc_physopted.rpt"/>
  <File Type="BITSTR-RBT" Name="EDGE_DETECTOR_00.rbt"/>
  <File Type="PHYSOPT-TIMING" Name="EDGE_DETECTOR_00_timing_summary_physopted.rpt"/>
  <File Type="ROUTE-ERROR-DCP" Name="EDGE_DETECTOR_00_routed_error.dcp"/>
  <File Type="ROUTE-DCP" Name="EDGE_DETECTOR_00_routed.dcp"/>
  <File Type="ROUTE-BLACKBOX-DCP" Name="EDGE_DETECTOR_00_routed_bb.dcp"/>
  <File Type="ROUTE-DRC" Name="EDGE_DETECTOR_00_drc_routed.rpt"/>
  <File Type="ROUTE-DRC-PB" Name="EDGE_DETECTOR_00_drc_routed.pb"/>
  <File Type="ROUTE-DRC-RPX" Name="EDGE_DETECTOR_00_drc_routed.rpx"/>
  <File Type="ROUTE-METHODOLOGY-DRC" Name="EDGE_DETECTOR_00_methodology_drc_routed.rpt"/>
  <File Type="ROUTE-METHODOLOGY-DRC-RPX" Name="EDGE_DETECTOR_00_methodology_drc_routed.rpx"/>
  <File Type="ROUTE-METHODOLOGY-DRC-PB" Name="EDGE_DETECTOR_00_methodology_drc_routed.pb"/>
  <File Type="ROUTE-PWR-RPX" Name="EDGE_DETECTOR_00_power_routed.rpx"/>
  <File Type="ROUTE-STATUS" Name="EDGE_DETECTOR_00_route_status.rpt"/>
  <File Type="ROUTE-STATUS-PB" Name="EDGE_DETECTOR_00_route_status.pb"/>
  <File Type="ROUTE-TIMINGSUMMARY" Name="EDGE_DETECTOR_00_timing_summary_routed.rpt"/>
  <File Type="ROUTE-TIMING-PB" Name="EDGE_DETECTOR_00_timing_summary_routed.pb"/>
  <File Type="ROUTE-TIMING-RPX" Name="EDGE_DETECTOR_00_timing_summary_routed.rpx"/>
  <File Type="ROUTE-SIMILARITY" Name="EDGE_DETECTOR_00_incremental_reuse_routed.rpt"/>
  <File Type="ROUTE-CLK" Name="EDGE_DETECTOR_00_clock_utilization_routed.rpt"/>
  <File Type="ROUTE-BUS-SKEW" Name="EDGE_DETECTOR_00_bus_skew_routed.rpt"/>
  <File Type="ROUTE-BUS-SKEW-PB" Name="EDGE_DETECTOR_00_bus_skew_routed.pb"/>
  <File Type="ROUTE-BUS-SKEW-RPX" Name="EDGE_DETECTOR_00_bus_skew_routed.rpx"/>
  <File Type="POSTROUTE-PHYSOPT-DCP" Name="EDGE_DETECTOR_00_postroute_physopt.dcp"/>
  <File Type="POSTROUTE-PHYSOPT-BLACKBOX-DCP" Name="EDGE_DETECTOR_00_postroute_physopt_bb.dcp"/>
  <File Type="POSTROUTE-PHYSOPT-TIMING" Name="EDGE_DETECTOR_00_timing_summary_postroute_physopted.rpt"/>
  <File Type="POSTROUTE-PHYSOPT-TIMING-PB" Name="EDGE_DETECTOR_00_timing_summary_postroute_physopted.pb"/>
  <File Type="POSTROUTE-PHYSOPT-TIMING-RPX" Name="EDGE_DETECTOR_00_timing_summary_postroute_physopted.rpx"/>
  <File Type="POSTROUTE-PHYSOPT-BUS-SKEW" Name="EDGE_DETECTOR_00_bus_skew_postroute_physopted.rpt"/>
  <File Type="BG-BIT" Name="EDGE_DETECTOR_00.bit"/>
  <File Type="POSTROUTE-PHYSOPT-BUS-SKEW-PB" Name="EDGE_DETECTOR_00_bus_skew_postroute_physopted.pb"/>
  <File Type="POSTROUTE-PHYSOPT-BUS-SKEW-RPX" Name="EDGE_DETECTOR_00_bus_skew_postroute_physopted.rpx"/>
  <File Type="BITSTR-NKY" Name="EDGE_DETECTOR_00.nky"/>
  <File Type="BITSTR-BMM" Name="EDGE_DETECTOR_00_bd.bmm"/>
  <File Type="PDI-FILE" Name="EDGE_DETECTOR_00.pdi"/>
  <File Type="RCFI_FILE" Name="EDGE_DETECTOR_00.rcfi"/>
  <File Type="CFI_FILE" Name="EDGE_DETECTOR_00.cfi"/>
  <File Type="RNPI_FILE" Name="EDGE_DETECTOR_00.rnpi"/>
  <File Type="NPI_FILE" Name="EDGE_DETECTOR_00.npi"/>
  <File Type="RBD_FILE" Name="EDGE_DETECTOR_00.rbd"/>
  <File Type="BITSTR-LTX" Name="debug_nets.ltx"/>
  <File Type="BITSTR-LTX" Name="EDGE_DETECTOR_00.ltx"/>
  <File Type="BITSTR-SYSDEF" Name="EDGE_DETECTOR_00.sysdef"/>
  <File Type="BG-BGN" Name="EDGE_DETECTOR_00.bgn"/>
  <File Type="BG-DRC" Name="EDGE_DETECTOR_00.drc"/>
  <File Type="RDI-RDI" Name="EDGE_DETECTOR_00.vdi"/>
  <File Type="WBT-USG" Name="usage_statistics_webtalk.html"/>
  <FileSet Name="sources" Type="DesignSrcs" RelSrcDir="$PSRCDIR/sources_1" RelGenDir="$PGENDIR/sources_1">
    <Filter Type="Srcs"/>
    <File Path="$PSRCDIR/sources_1/new/EDGE_DETECTOR_00.vhd">
      <FileInfo>
        <Attr Name="UsedIn" Val="synthesis"/>
        <Attr Name="UsedIn" Val="simulation"/>
      </FileInfo>
    </File>
    <Config>
      <Option Name="DesignMode" Val="RTL"/>
      <Option Name="TopModule" Val="EDGE_DETECTOR_00"/>
      <Option Name="TopAutoSet" Val="TRUE"/>
    </Config>
  </FileSet>
  <FileSet Name="constrs_in" Type="Constrs" RelSrcDir="$PSRCDIR/constrs_1">
    <Filter Type="Constrs"/>
    <Config>
      <Option Name="ConstrsType" Val="XDC"/>
    </Config>
  </FileSet>
  <FileSet Name="utils" Type="Utils" RelSrcDir="$PSRCDIR/utils_1">
    <Filter Type="Utils"/>
    <Config>
      <Option Name="TopAutoSet" Val="TRUE"/>
    </Config>
  </FileSet>
  <Strategy Version="1" Minor="2">
    <StratHandle Name="Vivado Implementation Defaults" Flow="Vivado Implementation 2021">
      <Desc>Default settings for Implementation.</Desc>
    </StratHandle>
    <Step Id="init_design"/>
    <Step Id="opt_design"/>
    <Step Id="power_opt_design"/>
    <Step Id="place_design"/>
    <Step Id="post_place_power_opt_design"/>
    <Step Id="phys_opt_design"/>
    <Step Id="route_design"/>
    <Step Id="post_route_phys_opt_design"/>
    <Step Id="write_bitstream"/>
  </Strategy>
</GenRun>
