<?xml version="1.0" encoding="UTF-8"?>
<GenRun Id="synth_1" LaunchPart="xc7a100tcsg324-1" LaunchTime="1708516359">
  <File Type="PA-TCL" Name="AND_GATE.tcl"/>
  <File Type="RDS-PROPCONSTRS" Name="AND_GATE_drc_synth.rpt"/>
  <File Type="REPORTS-TCL" Name="AND_GATE_reports.tcl"/>
  <File Type="RDS-RDS" Name="AND_GATE.vds"/>
  <File Type="RDS-UTIL" Name="AND_GATE_utilization_synth.rpt"/>
  <File Type="RDS-UTIL-PB" Name="AND_GATE_utilization_synth.pb"/>
  <File Type="RDS-DCP" Name="AND_GATE.dcp"/>
  <File Type="VDS-TIMINGSUMMARY" Name="AND_GATE_timing_summary_synth.rpt"/>
  <File Type="VDS-TIMING-PB" Name="AND_GATE_timing_summary_synth.pb"/>
  <FileSet Name="sources" Type="DesignSrcs" RelSrcDir="$PSRCDIR/sources_1" RelGenDir="$PGENDIR/sources_1">
    <Filter Type="Srcs"/>
    <File Path="$PSRCDIR/sources_1/imports/LIB_TDC/COMBINATIONAL.vhd">
      <FileInfo>
        <Attr Name="Library" Val="LIB_TDC"/>
        <Attr Name="ImportPath" Val="$PPRDIR/../Desktop/LIB_TDC/COMBINATIONAL.vhd"/>
        <Attr Name="ImportTime" Val="1708512647"/>
        <Attr Name="UsedIn" Val="synthesis"/>
        <Attr Name="UsedIn" Val="simulation"/>
      </FileInfo>
    </File>
    <File Path="$PSRCDIR/sources_1/imports/LIB_TDC/AND_GATE.vhd">
      <FileInfo>
        <Attr Name="Library" Val="LIB_TDC"/>
        <Attr Name="ImportPath" Val="$PPRDIR/../Desktop/LIB_TDC/AND_GATE.vhd"/>
        <Attr Name="ImportTime" Val="1708510727"/>
        <Attr Name="UsedIn" Val="synthesis"/>
        <Attr Name="UsedIn" Val="simulation"/>
      </FileInfo>
    </File>
    <File Path="$PSRCDIR/sources_1/imports/LIB_TDC/FULL_ADDER.vhd">
      <FileInfo>
        <Attr Name="Library" Val="LIB_TDC"/>
        <Attr Name="ImportPath" Val="$PPRDIR/../Desktop/LIB_TDC/FULL_ADDER.vhd"/>
        <Attr Name="ImportTime" Val="1708510946"/>
        <Attr Name="UsedIn" Val="synthesis"/>
        <Attr Name="UsedIn" Val="simulation"/>
      </FileInfo>
    </File>
    <File Path="$PSRCDIR/sources_1/imports/LIB_TDC/MUX4.vhd">
      <FileInfo>
        <Attr Name="Library" Val="LIB_TDC"/>
        <Attr Name="ImportPath" Val="$PPRDIR/../Desktop/LIB_TDC/MUX4.vhd"/>
        <Attr Name="ImportTime" Val="1708510727"/>
        <Attr Name="UsedIn" Val="synthesis"/>
        <Attr Name="UsedIn" Val="simulation"/>
      </FileInfo>
    </File>
    <File Path="$PSRCDIR/sources_1/imports/LIB_TDC/XOR_GATE.vhd">
      <FileInfo>
        <Attr Name="Library" Val="LIB_TDC"/>
        <Attr Name="ImportPath" Val="$PPRDIR/../Desktop/LIB_TDC/XOR_GATE.vhd"/>
        <Attr Name="ImportTime" Val="1708510727"/>
        <Attr Name="UsedIn" Val="synthesis"/>
        <Attr Name="UsedIn" Val="simulation"/>
      </FileInfo>
    </File>
    <File Path="$PSRCDIR/sources_1/new/ALU_1bit.vhd">
      <FileInfo>
        <Attr Name="UsedIn" Val="synthesis"/>
        <Attr Name="UsedIn" Val="simulation"/>
      </FileInfo>
    </File>
    <File Path="$PSRCDIR/sources_1/imports/LIB_TDC/DISP7SEG.vhd">
      <FileInfo>
        <Attr Name="Library" Val="LIB_TDC"/>
        <Attr Name="AutoDisabled" Val="1"/>
        <Attr Name="ImportPath" Val="$PPRDIR/../Desktop/LIB_TDC/DISP7SEG.vhd"/>
        <Attr Name="ImportTime" Val="1708505800"/>
        <Attr Name="UsedIn" Val="synthesis"/>
        <Attr Name="UsedIn" Val="simulation"/>
      </FileInfo>
    </File>
    <File Path="$PSRCDIR/sources_1/imports/LIB_TDC/MUX2.vhd">
      <FileInfo>
        <Attr Name="Library" Val="LIB_TDC"/>
        <Attr Name="AutoDisabled" Val="1"/>
        <Attr Name="ImportPath" Val="$PPRDIR/../Desktop/LIB_TDC/MUX2.vhd"/>
        <Attr Name="ImportTime" Val="1708506419"/>
        <Attr Name="UsedIn" Val="synthesis"/>
        <Attr Name="UsedIn" Val="simulation"/>
      </FileInfo>
    </File>
    <File Path="$PSRCDIR/sources_1/imports/LIB_TDC/NOR_GATE.vhd">
      <FileInfo>
        <Attr Name="Library" Val="LIB_TDC"/>
        <Attr Name="AutoDisabled" Val="1"/>
        <Attr Name="ImportPath" Val="$PPRDIR/../Desktop/LIB_TDC/NOR_GATE.vhd"/>
        <Attr Name="ImportTime" Val="1708510727"/>
        <Attr Name="UsedIn" Val="synthesis"/>
        <Attr Name="UsedIn" Val="simulation"/>
      </FileInfo>
    </File>
    <Config>
      <Option Name="DesignMode" Val="RTL"/>
      <Option Name="TopModule" Val="ALU_1bit"/>
      <Option Name="TopAutoSet" Val="TRUE"/>
    </Config>
  </FileSet>
  <FileSet Name="constrs_in" Type="Constrs" RelSrcDir="$PSRCDIR/constrs_1">
    <Filter Type="Constrs"/>
    <Config>
      <Option Name="ConstrsType" Val="XDC"/>
    </Config>
  </FileSet>
  <FileSet Name="utils" Type="Utils" RelSrcDir="$PSRCDIR/utils_1">
    <Filter Type="Utils"/>
    <Config>
      <Option Name="TopAutoSet" Val="TRUE"/>
    </Config>
  </FileSet>
  <Strategy Version="1" Minor="2">
    <StratHandle Name="Vivado Synthesis Defaults" Flow="Vivado Synthesis 2021">
      <Desc>Vivado Synthesis Defaults</Desc>
    </StratHandle>
    <Step Id="synth_design"/>
  </Strategy>
</GenRun>
