<?xml version="1.0" encoding="UTF-8"?>
<GenRun Id="impl_1" LaunchPart="xc7a100tcsg324-1" LaunchTime="1710329456">
  <File Type="ROUTE-PWR" Name="TOGGLE_01_power_routed.rpt"/>
  <File Type="PA-TCL" Name="TOGGLE_01.tcl"/>
  <File Type="BITSTR-MMI" Name="TOGGLE_01.mmi"/>
  <File Type="OPT-METHODOLOGY-DRC" Name="TOGGLE_01_methodology_drc_opted.rpt"/>
  <File Type="INIT-TIMING" Name="TOGGLE_01_timing_summary_init.rpt"/>
  <File Type="ROUTE-PWR-SUM" Name="TOGGLE_01_power_summary_routed.pb"/>
  <File Type="REPORTS-TCL" Name="TOGGLE_01_reports.tcl"/>
  <File Type="OPT-TIMING" Name="TOGGLE_01_timing_summary_opted.rpt"/>
  <File Type="OPT-DCP" Name="TOGGLE_01_opt.dcp"/>
  <File Type="OPT-DRC" Name="TOGGLE_01_drc_opted.rpt"/>
  <File Type="OPT-HWDEF" Name="TOGGLE_01.hwdef"/>
  <File Type="PWROPT-DCP" Name="TOGGLE_01_pwropt.dcp"/>
  <File Type="PWROPT-DRC" Name="TOGGLE_01_drc_pwropted.rpt"/>
  <File Type="PWROPT-TIMING" Name="TOGGLE_01_timing_summary_pwropted.rpt"/>
  <File Type="PLACE-DCP" Name="TOGGLE_01_placed.dcp"/>
  <File Type="PLACE-IO" Name="TOGGLE_01_io_placed.rpt"/>
  <File Type="PLACE-CLK" Name="TOGGLE_01_clock_utilization_placed.rpt"/>
  <File Type="PLACE-UTIL" Name="TOGGLE_01_utilization_placed.rpt"/>
  <File Type="PLACE-UTIL-PB" Name="TOGGLE_01_utilization_placed.pb"/>
  <File Type="PLACE-CTRL" Name="TOGGLE_01_control_sets_placed.rpt"/>
  <File Type="PLACE-SIMILARITY" Name="TOGGLE_01_incremental_reuse_placed.rpt"/>
  <File Type="PLACE-PRE-SIMILARITY" Name="TOGGLE_01_incremental_reuse_pre_placed.rpt"/>
  <File Type="BG-BIN" Name="TOGGLE_01.bin"/>
  <File Type="PLACE-TIMING" Name="TOGGLE_01_timing_summary_placed.rpt"/>
  <File Type="POSTPLACE-PWROPT-DCP" Name="TOGGLE_01_postplace_pwropt.dcp"/>
  <File Type="BITSTR-MSK" Name="TOGGLE_01.msk"/>
  <File Type="POSTPLACE-PWROPT-TIMING" Name="TOGGLE_01_timing_summary_postplace_pwropted.rpt"/>
  <File Type="PHYSOPT-DCP" Name="TOGGLE_01_physopt.dcp"/>
  <File Type="PHYSOPT-DRC" Name="TOGGLE_01_drc_physopted.rpt"/>
  <File Type="BITSTR-RBT" Name="TOGGLE_01.rbt"/>
  <File Type="PHYSOPT-TIMING" Name="TOGGLE_01_timing_summary_physopted.rpt"/>
  <File Type="ROUTE-ERROR-DCP" Name="TOGGLE_01_routed_error.dcp"/>
  <File Type="ROUTE-DCP" Name="TOGGLE_01_routed.dcp"/>
  <File Type="ROUTE-BLACKBOX-DCP" Name="TOGGLE_01_routed_bb.dcp"/>
  <File Type="ROUTE-DRC" Name="TOGGLE_01_drc_routed.rpt"/>
  <File Type="ROUTE-DRC-PB" Name="TOGGLE_01_drc_routed.pb"/>
  <File Type="ROUTE-DRC-RPX" Name="TOGGLE_01_drc_routed.rpx"/>
  <File Type="ROUTE-METHODOLOGY-DRC" Name="TOGGLE_01_methodology_drc_routed.rpt"/>
  <File Type="ROUTE-METHODOLOGY-DRC-RPX" Name="TOGGLE_01_methodology_drc_routed.rpx"/>
  <File Type="ROUTE-METHODOLOGY-DRC-PB" Name="TOGGLE_01_methodology_drc_routed.pb"/>
  <File Type="ROUTE-PWR-RPX" Name="TOGGLE_01_power_routed.rpx"/>
  <File Type="ROUTE-STATUS" Name="TOGGLE_01_route_status.rpt"/>
  <File Type="ROUTE-STATUS-PB" Name="TOGGLE_01_route_status.pb"/>
  <File Type="ROUTE-TIMINGSUMMARY" Name="TOGGLE_01_timing_summary_routed.rpt"/>
  <File Type="ROUTE-TIMING-PB" Name="TOGGLE_01_timing_summary_routed.pb"/>
  <File Type="ROUTE-TIMING-RPX" Name="TOGGLE_01_timing_summary_routed.rpx"/>
  <File Type="ROUTE-SIMILARITY" Name="TOGGLE_01_incremental_reuse_routed.rpt"/>
  <File Type="ROUTE-CLK" Name="TOGGLE_01_clock_utilization_routed.rpt"/>
  <File Type="ROUTE-BUS-SKEW" Name="TOGGLE_01_bus_skew_routed.rpt"/>
  <File Type="ROUTE-BUS-SKEW-PB" Name="TOGGLE_01_bus_skew_routed.pb"/>
  <File Type="ROUTE-BUS-SKEW-RPX" Name="TOGGLE_01_bus_skew_routed.rpx"/>
  <File Type="POSTROUTE-PHYSOPT-DCP" Name="TOGGLE_01_postroute_physopt.dcp"/>
  <File Type="POSTROUTE-PHYSOPT-BLACKBOX-DCP" Name="TOGGLE_01_postroute_physopt_bb.dcp"/>
  <File Type="POSTROUTE-PHYSOPT-TIMING" Name="TOGGLE_01_timing_summary_postroute_physopted.rpt"/>
  <File Type="POSTROUTE-PHYSOPT-TIMING-PB" Name="TOGGLE_01_timing_summary_postroute_physopted.pb"/>
  <File Type="POSTROUTE-PHYSOPT-TIMING-RPX" Name="TOGGLE_01_timing_summary_postroute_physopted.rpx"/>
  <File Type="POSTROUTE-PHYSOPT-BUS-SKEW" Name="TOGGLE_01_bus_skew_postroute_physopted.rpt"/>
  <File Type="BG-BIT" Name="TOGGLE_01.bit"/>
  <File Type="POSTROUTE-PHYSOPT-BUS-SKEW-PB" Name="TOGGLE_01_bus_skew_postroute_physopted.pb"/>
  <File Type="POSTROUTE-PHYSOPT-BUS-SKEW-RPX" Name="TOGGLE_01_bus_skew_postroute_physopted.rpx"/>
  <File Type="BITSTR-NKY" Name="TOGGLE_01.nky"/>
  <File Type="BITSTR-BMM" Name="TOGGLE_01_bd.bmm"/>
  <File Type="PDI-FILE" Name="TOGGLE_01.pdi"/>
  <File Type="RCFI_FILE" Name="TOGGLE_01.rcfi"/>
  <File Type="CFI_FILE" Name="TOGGLE_01.cfi"/>
  <File Type="RNPI_FILE" Name="TOGGLE_01.rnpi"/>
  <File Type="NPI_FILE" Name="TOGGLE_01.npi"/>
  <File Type="RBD_FILE" Name="TOGGLE_01.rbd"/>
  <File Type="BITSTR-LTX" Name="debug_nets.ltx"/>
  <File Type="BITSTR-LTX" Name="TOGGLE_01.ltx"/>
  <File Type="BITSTR-SYSDEF" Name="TOGGLE_01.sysdef"/>
  <File Type="BG-BGN" Name="TOGGLE_01.bgn"/>
  <File Type="BG-DRC" Name="TOGGLE_01.drc"/>
  <File Type="RDI-RDI" Name="TOGGLE_01.vdi"/>
  <File Type="WBT-USG" Name="usage_statistics_webtalk.html"/>
  <FileSet Name="sources" Type="DesignSrcs" RelSrcDir="$PSRCDIR/sources_1" RelGenDir="$PGENDIR/sources_1">
    <Filter Type="Srcs"/>
    <File Path="$PSRCDIR/sources_1/new/TOGGLE_01.vhd">
      <FileInfo>
        <Attr Name="UsedIn" Val="synthesis"/>
        <Attr Name="UsedIn" Val="simulation"/>
      </FileInfo>
    </File>
    <File Path="$PSRCDIR/sources_1/new/TOGGLE_00.vhd">
      <FileInfo>
        <Attr Name="AutoDisabled" Val="1"/>
        <Attr Name="UsedIn" Val="synthesis"/>
        <Attr Name="UsedIn" Val="simulation"/>
      </FileInfo>
    </File>
    <Config>
      <Option Name="DesignMode" Val="RTL"/>
      <Option Name="TopModule" Val="TOGGLE_01"/>
    </Config>
  </FileSet>
  <FileSet Name="constrs_in" Type="Constrs" RelSrcDir="$PSRCDIR/constrs_1">
    <Filter Type="Constrs"/>
    <File Path="$PSRCDIR/constrs_1/new/RESTRICC.xdc">
      <FileInfo>
        <Attr Name="UsedIn" Val="synthesis"/>
        <Attr Name="UsedIn" Val="implementation"/>
      </FileInfo>
    </File>
    <Config>
      <Option Name="ConstrsType" Val="XDC"/>
    </Config>
  </FileSet>
  <FileSet Name="utils" Type="Utils" RelSrcDir="$PSRCDIR/utils_1">
    <Filter Type="Utils"/>
    <Config>
      <Option Name="TopAutoSet" Val="TRUE"/>
    </Config>
  </FileSet>
  <Strategy Version="1" Minor="2">
    <StratHandle Name="Vivado Implementation Defaults" Flow="Vivado Implementation 2021">
      <Desc>Default settings for Implementation.</Desc>
    </StratHandle>
    <Step Id="init_design"/>
    <Step Id="opt_design"/>
    <Step Id="power_opt_design"/>
    <Step Id="place_design"/>
    <Step Id="post_place_power_opt_design"/>
    <Step Id="phys_opt_design"/>
    <Step Id="route_design"/>
    <Step Id="post_route_phys_opt_design"/>
    <Step Id="write_bitstream"/>
  </Strategy>
</GenRun>
