<?xml version="1.0" encoding="UTF-8"?>
<GenRun Id="impl_1" LaunchPart="xc7a100tcsg324-1" LaunchTime="1712741872">
  <File Type="ROUTE-PWR" Name="DATAPATH_0_power_routed.rpt"/>
  <File Type="PA-TCL" Name="DATAPATH_0.tcl"/>
  <File Type="ROUTE-PWR-SUM" Name="DATAPATH_0_power_summary_routed.pb"/>
  <File Type="REPORTS-TCL" Name="DATAPATH_0_reports.tcl"/>
  <File Type="BITSTR-MSK" Name="DATAPATH_0.msk"/>
  <File Type="ROUTE-CLK" Name="DATAPATH_0_clock_utilization_routed.rpt"/>
  <File Type="RDI-RDI" Name="DATAPATH_0.vdi"/>
  <File Type="BG-BIT" Name="DATAPATH_0.bit"/>
  <File Type="BG-DRC" Name="DATAPATH_0.drc"/>
  <File Type="BG-BGN" Name="DATAPATH_0.bgn"/>
  <File Type="BG-BIN" Name="DATAPATH_0.bin"/>
  <File Type="BITSTR-RBT" Name="DATAPATH_0.rbt"/>
  <File Type="BITSTR-NKY" Name="DATAPATH_0.nky"/>
  <File Type="BITSTR-BMM" Name="DATAPATH_0_bd.bmm"/>
  <File Type="BITSTR-MMI" Name="DATAPATH_0.mmi"/>
  <File Type="ROUTE-METHODOLOGY-DRC" Name="DATAPATH_0_methodology_drc_routed.rpt"/>
  <File Type="BITSTR-SYSDEF" Name="DATAPATH_0.sysdef"/>
  <File Type="ROUTE-METHODOLOGY-DRC-PB" Name="DATAPATH_0_methodology_drc_routed.pb"/>
  <File Type="BITSTR-LTX" Name="debug_nets.ltx"/>
  <File Type="BITSTR-LTX" Name="DATAPATH_0.ltx"/>
  <File Type="WBT-USG" Name="usage_statistics_webtalk.html"/>
  <File Type="OPT-DRC" Name="DATAPATH_0_drc_opted.rpt"/>
  <File Type="OPT-HWDEF" Name="DATAPATH_0.hwdef"/>
  <File Type="PLACE-IO" Name="DATAPATH_0_io_placed.rpt"/>
  <File Type="PLACE-UTIL" Name="DATAPATH_0_utilization_placed.rpt"/>
  <File Type="PLACE-UTIL-PB" Name="DATAPATH_0_utilization_placed.pb"/>
  <File Type="PLACE-CTRL" Name="DATAPATH_0_control_sets_placed.rpt"/>
  <File Type="PLACE-PRE-SIMILARITY" Name="DATAPATH_0_incremental_reuse_pre_placed.rpt"/>
  <File Type="ROUTE-DRC" Name="DATAPATH_0_drc_routed.rpt"/>
  <File Type="ROUTE-DRC-PB" Name="DATAPATH_0_drc_routed.pb"/>
  <File Type="ROUTE-PWR-RPX" Name="DATAPATH_0_power_routed.rpx"/>
  <File Type="ROUTE-STATUS" Name="DATAPATH_0_route_status.rpt"/>
  <File Type="ROUTE-STATUS-PB" Name="DATAPATH_0_route_status.pb"/>
  <File Type="ROUTE-DCP" Name="DATAPATH_0_routed.dcp"/>
  <File Type="ROUTE-ERROR-DCP" Name="DATAPATH_0_routed_error.dcp"/>
  <File Type="ROUTE-BLACKBOX-DCP" Name="DATAPATH_0_routed_bb.dcp"/>
  <File Type="ROUTE-TIMINGSUMMARY" Name="DATAPATH_0_timing_summary_routed.rpt"/>
  <File Type="ROUTE-TIMING-PB" Name="DATAPATH_0_timing_summary_routed.pb"/>
  <File Type="ROUTE-TIMING-RPX" Name="DATAPATH_0_timing_summary_routed.rpx"/>
  <File Type="ROUTE-BUS-SKEW" Name="DATAPATH_0_bus_skew_routed.rpt"/>
  <File Type="ROUTE-BUS-SKEW-PB" Name="DATAPATH_0_bus_skew_routed.pb"/>
  <File Type="ROUTE-BUS-SKEW-RPX" Name="DATAPATH_0_bus_skew_routed.rpx"/>
  <File Type="OPT-DCP" Name="DATAPATH_0_opt.dcp"/>
  <File Type="PLACE-DCP" Name="DATAPATH_0_placed.dcp"/>
  <File Type="PWROPT-DCP" Name="DATAPATH_0_pwropt.dcp"/>
  <File Type="POSTPLACE-PWROPT-DCP" Name="DATAPATH_0_postplace_pwropt.dcp"/>
  <File Type="PHYSOPT-DCP" Name="DATAPATH_0_physopt.dcp"/>
  <File Type="POSTROUTE-PHYSOPT-DCP" Name="DATAPATH_0_postroute_physopt.dcp"/>
  <File Type="POSTROUTE-PHYSOPT-BLACKBOX-DCP" Name="DATAPATH_0_postroute_physopt_bb.dcp"/>
  <File Type="ROUTE-DRC-RPX" Name="DATAPATH_0_drc_routed.rpx"/>
  <File Type="ROUTE-METHODOLOGY-DRC-RPX" Name="DATAPATH_0_methodology_drc_routed.rpx"/>
  <File Type="PDI-FILE" Name="DATAPATH_0.pdi"/>
  <File Type="RCFI_FILE" Name="DATAPATH_0.rcfi"/>
  <File Type="CFI_FILE" Name="DATAPATH_0.cfi"/>
  <File Type="RNPI_FILE" Name="DATAPATH_0.rnpi"/>
  <File Type="NPI_FILE" Name="DATAPATH_0.npi"/>
  <File Type="RBD_FILE" Name="DATAPATH_0.rbd"/>
  <FileSet Name="sources" Type="DesignSrcs" RelSrcDir="$PSRCDIR/sources_1" RelGenDir="$PGENDIR/sources_1">
    <Filter Type="Srcs"/>
    <File Path="$PSRCDIR/sources_1/new/P22_DATAPATH_0_RA_RB_ALU.vhd">
      <FileInfo>
        <Attr Name="ImportPath" Val="$PPRDIR/../project_22/project_22.srcs/sources_1/new/P22_DATAPATH_0_RA_RB_ALU.vhd"/>
        <Attr Name="ImportTime" Val="1712737309"/>
        <Attr Name="UsedIn" Val="synthesis"/>
        <Attr Name="UsedIn" Val="simulation"/>
      </FileInfo>
    </File>
    <File Path="$PSRCDIR/sources_1/new/TB_Datapath_0.vhd">
      <FileInfo>
        <Attr Name="AutoDisabled" Val="1"/>
        <Attr Name="ImportPath" Val="$PPRDIR/../project_22/project_22.srcs/sources_1/new/TB_Datapath_0.vhd"/>
        <Attr Name="ImportTime" Val="1712739144"/>
        <Attr Name="UsedIn" Val="synthesis"/>
        <Attr Name="UsedIn" Val="simulation"/>
      </FileInfo>
    </File>
    <Config>
      <Option Name="DesignMode" Val="RTL"/>
      <Option Name="TopModule" Val="DATAPATH_0"/>
    </Config>
  </FileSet>
  <FileSet Name="constrs_in" Type="Constrs" RelSrcDir="$PSRCDIR/constrs_1">
    <Filter Type="Constrs"/>
    <Config>
      <Option Name="ConstrsType" Val="XDC"/>
    </Config>
  </FileSet>
  <FileSet Name="utils" Type="Utils" RelSrcDir="$PSRCDIR/utils_1">
    <Filter Type="Utils"/>
    <Config>
      <Option Name="TopAutoSet" Val="TRUE"/>
    </Config>
  </FileSet>
  <Strategy Version="1" Minor="2">
    <StratHandle Name="Vivado Implementation Defaults" Flow="Vivado Implementation 2021"/>
    <Step Id="init_design"/>
    <Step Id="opt_design"/>
    <Step Id="power_opt_design"/>
    <Step Id="place_design"/>
    <Step Id="post_place_power_opt_design"/>
    <Step Id="phys_opt_design"/>
    <Step Id="route_design"/>
    <Step Id="post_route_phys_opt_design"/>
    <Step Id="write_bitstream"/>
    <Step Id="write_device_image"/>
  </Strategy>
</GenRun>
