<?xml version="1.0" encoding="UTF-8"?>
<GenRun Id="impl_1" LaunchPart="xc7a100tcsg324-1" LaunchTime="1710935112">
  <File Type="ROUTE-PWR" Name="PRESCALER_1Hz_power_routed.rpt"/>
  <File Type="PA-TCL" Name="PRESCALER_1Hz.tcl"/>
  <File Type="BITSTR-MMI" Name="PRESCALER_1Hz.mmi"/>
  <File Type="OPT-METHODOLOGY-DRC" Name="PRESCALER_1Hz_methodology_drc_opted.rpt"/>
  <File Type="INIT-TIMING" Name="PRESCALER_1Hz_timing_summary_init.rpt"/>
  <File Type="ROUTE-PWR-SUM" Name="PRESCALER_1Hz_power_summary_routed.pb"/>
  <File Type="REPORTS-TCL" Name="PRESCALER_1Hz_reports.tcl"/>
  <File Type="OPT-TIMING" Name="PRESCALER_1Hz_timing_summary_opted.rpt"/>
  <File Type="OPT-DCP" Name="PRESCALER_1Hz_opt.dcp"/>
  <File Type="OPT-DRC" Name="PRESCALER_1Hz_drc_opted.rpt"/>
  <File Type="OPT-HWDEF" Name="PRESCALER_1Hz.hwdef"/>
  <File Type="PWROPT-DCP" Name="PRESCALER_1Hz_pwropt.dcp"/>
  <File Type="PWROPT-DRC" Name="PRESCALER_1Hz_drc_pwropted.rpt"/>
  <File Type="PWROPT-TIMING" Name="PRESCALER_1Hz_timing_summary_pwropted.rpt"/>
  <File Type="PLACE-DCP" Name="PRESCALER_1Hz_placed.dcp"/>
  <File Type="PLACE-IO" Name="PRESCALER_1Hz_io_placed.rpt"/>
  <File Type="PLACE-CLK" Name="PRESCALER_1Hz_clock_utilization_placed.rpt"/>
  <File Type="PLACE-UTIL" Name="PRESCALER_1Hz_utilization_placed.rpt"/>
  <File Type="PLACE-UTIL-PB" Name="PRESCALER_1Hz_utilization_placed.pb"/>
  <File Type="PLACE-CTRL" Name="PRESCALER_1Hz_control_sets_placed.rpt"/>
  <File Type="PLACE-SIMILARITY" Name="PRESCALER_1Hz_incremental_reuse_placed.rpt"/>
  <File Type="PLACE-PRE-SIMILARITY" Name="PRESCALER_1Hz_incremental_reuse_pre_placed.rpt"/>
  <File Type="BG-BIN" Name="PRESCALER_1Hz.bin"/>
  <File Type="PLACE-TIMING" Name="PRESCALER_1Hz_timing_summary_placed.rpt"/>
  <File Type="POSTPLACE-PWROPT-DCP" Name="PRESCALER_1Hz_postplace_pwropt.dcp"/>
  <File Type="BITSTR-MSK" Name="PRESCALER_1Hz.msk"/>
  <File Type="POSTPLACE-PWROPT-TIMING" Name="PRESCALER_1Hz_timing_summary_postplace_pwropted.rpt"/>
  <File Type="PHYSOPT-DCP" Name="PRESCALER_1Hz_physopt.dcp"/>
  <File Type="PHYSOPT-DRC" Name="PRESCALER_1Hz_drc_physopted.rpt"/>
  <File Type="BITSTR-RBT" Name="PRESCALER_1Hz.rbt"/>
  <File Type="PHYSOPT-TIMING" Name="PRESCALER_1Hz_timing_summary_physopted.rpt"/>
  <File Type="ROUTE-ERROR-DCP" Name="PRESCALER_1Hz_routed_error.dcp"/>
  <File Type="ROUTE-DCP" Name="PRESCALER_1Hz_routed.dcp"/>
  <File Type="ROUTE-BLACKBOX-DCP" Name="PRESCALER_1Hz_routed_bb.dcp"/>
  <File Type="ROUTE-DRC" Name="PRESCALER_1Hz_drc_routed.rpt"/>
  <File Type="ROUTE-DRC-PB" Name="PRESCALER_1Hz_drc_routed.pb"/>
  <File Type="ROUTE-DRC-RPX" Name="PRESCALER_1Hz_drc_routed.rpx"/>
  <File Type="ROUTE-METHODOLOGY-DRC" Name="PRESCALER_1Hz_methodology_drc_routed.rpt"/>
  <File Type="ROUTE-METHODOLOGY-DRC-RPX" Name="PRESCALER_1Hz_methodology_drc_routed.rpx"/>
  <File Type="ROUTE-METHODOLOGY-DRC-PB" Name="PRESCALER_1Hz_methodology_drc_routed.pb"/>
  <File Type="ROUTE-PWR-RPX" Name="PRESCALER_1Hz_power_routed.rpx"/>
  <File Type="ROUTE-STATUS" Name="PRESCALER_1Hz_route_status.rpt"/>
  <File Type="ROUTE-STATUS-PB" Name="PRESCALER_1Hz_route_status.pb"/>
  <File Type="ROUTE-TIMINGSUMMARY" Name="PRESCALER_1Hz_timing_summary_routed.rpt"/>
  <File Type="ROUTE-TIMING-PB" Name="PRESCALER_1Hz_timing_summary_routed.pb"/>
  <File Type="ROUTE-TIMING-RPX" Name="PRESCALER_1Hz_timing_summary_routed.rpx"/>
  <File Type="ROUTE-SIMILARITY" Name="PRESCALER_1Hz_incremental_reuse_routed.rpt"/>
  <File Type="ROUTE-CLK" Name="PRESCALER_1Hz_clock_utilization_routed.rpt"/>
  <File Type="ROUTE-BUS-SKEW" Name="PRESCALER_1Hz_bus_skew_routed.rpt"/>
  <File Type="ROUTE-BUS-SKEW-PB" Name="PRESCALER_1Hz_bus_skew_routed.pb"/>
  <File Type="ROUTE-BUS-SKEW-RPX" Name="PRESCALER_1Hz_bus_skew_routed.rpx"/>
  <File Type="POSTROUTE-PHYSOPT-DCP" Name="PRESCALER_1Hz_postroute_physopt.dcp"/>
  <File Type="POSTROUTE-PHYSOPT-BLACKBOX-DCP" Name="PRESCALER_1Hz_postroute_physopt_bb.dcp"/>
  <File Type="POSTROUTE-PHYSOPT-TIMING" Name="PRESCALER_1Hz_timing_summary_postroute_physopted.rpt"/>
  <File Type="POSTROUTE-PHYSOPT-TIMING-PB" Name="PRESCALER_1Hz_timing_summary_postroute_physopted.pb"/>
  <File Type="POSTROUTE-PHYSOPT-TIMING-RPX" Name="PRESCALER_1Hz_timing_summary_postroute_physopted.rpx"/>
  <File Type="POSTROUTE-PHYSOPT-BUS-SKEW" Name="PRESCALER_1Hz_bus_skew_postroute_physopted.rpt"/>
  <File Type="BG-BIT" Name="PRESCALER_1Hz.bit"/>
  <File Type="POSTROUTE-PHYSOPT-BUS-SKEW-PB" Name="PRESCALER_1Hz_bus_skew_postroute_physopted.pb"/>
  <File Type="POSTROUTE-PHYSOPT-BUS-SKEW-RPX" Name="PRESCALER_1Hz_bus_skew_postroute_physopted.rpx"/>
  <File Type="BITSTR-NKY" Name="PRESCALER_1Hz.nky"/>
  <File Type="BITSTR-BMM" Name="PRESCALER_1Hz_bd.bmm"/>
  <File Type="PDI-FILE" Name="PRESCALER_1Hz.pdi"/>
  <File Type="RCFI_FILE" Name="PRESCALER_1Hz.rcfi"/>
  <File Type="CFI_FILE" Name="PRESCALER_1Hz.cfi"/>
  <File Type="RNPI_FILE" Name="PRESCALER_1Hz.rnpi"/>
  <File Type="NPI_FILE" Name="PRESCALER_1Hz.npi"/>
  <File Type="RBD_FILE" Name="PRESCALER_1Hz.rbd"/>
  <File Type="BITSTR-LTX" Name="debug_nets.ltx"/>
  <File Type="BITSTR-LTX" Name="PRESCALER_1Hz.ltx"/>
  <File Type="BITSTR-SYSDEF" Name="PRESCALER_1Hz.sysdef"/>
  <File Type="BG-BGN" Name="PRESCALER_1Hz.bgn"/>
  <File Type="BG-DRC" Name="PRESCALER_1Hz.drc"/>
  <File Type="RDI-RDI" Name="PRESCALER_1Hz.vdi"/>
  <File Type="WBT-USG" Name="usage_statistics_webtalk.html"/>
  <FileSet Name="sources" Type="DesignSrcs" RelSrcDir="$PSRCDIR/sources_1" RelGenDir="$PGENDIR/sources_1">
    <Filter Type="Srcs"/>
    <File Path="$PSRCDIR/sources_1/new/PRESCALER_1Hz.vhd">
      <FileInfo>
        <Attr Name="UsedIn" Val="synthesis"/>
        <Attr Name="UsedIn" Val="simulation"/>
      </FileInfo>
    </File>
    <Config>
      <Option Name="DesignMode" Val="RTL"/>
      <Option Name="TopModule" Val="PRESCALER_1Hz"/>
      <Option Name="TopAutoSet" Val="TRUE"/>
    </Config>
  </FileSet>
  <FileSet Name="constrs_in" Type="Constrs" RelSrcDir="$PSRCDIR/constrs_1">
    <Filter Type="Constrs"/>
    <File Path="$PSRCDIR/constrs_1/new/PRESCALER_1Hz_RESTRICC.xdc">
      <FileInfo>
        <Attr Name="UsedIn" Val="synthesis"/>
        <Attr Name="UsedIn" Val="implementation"/>
      </FileInfo>
    </File>
    <Config>
      <Option Name="ConstrsType" Val="XDC"/>
    </Config>
  </FileSet>
  <FileSet Name="utils" Type="Utils" RelSrcDir="$PSRCDIR/utils_1">
    <Filter Type="Utils"/>
    <Config>
      <Option Name="TopAutoSet" Val="TRUE"/>
    </Config>
  </FileSet>
  <Strategy Version="1" Minor="2">
    <StratHandle Name="Vivado Implementation Defaults" Flow="Vivado Implementation 2021">
      <Desc>Default settings for Implementation.</Desc>
    </StratHandle>
    <Step Id="init_design"/>
    <Step Id="opt_design"/>
    <Step Id="power_opt_design"/>
    <Step Id="place_design"/>
    <Step Id="post_place_power_opt_design"/>
    <Step Id="phys_opt_design"/>
    <Step Id="route_design"/>
    <Step Id="post_route_phys_opt_design"/>
    <Step Id="write_bitstream"/>
  </Strategy>
</GenRun>
