<?xml version="1.0" encoding="UTF-8"?>
<GenRun Id="synth_1" LaunchPart="xc7a100tcsg324-1" LaunchTime="1710935065">
  <File Type="PA-TCL" Name="PRESCALER_1Hz.tcl"/>
  <File Type="RDS-PROPCONSTRS" Name="PRESCALER_1Hz_drc_synth.rpt"/>
  <File Type="REPORTS-TCL" Name="PRESCALER_1Hz_reports.tcl"/>
  <File Type="RDS-RDS" Name="PRESCALER_1Hz.vds"/>
  <File Type="RDS-UTIL" Name="PRESCALER_1Hz_utilization_synth.rpt"/>
  <File Type="RDS-UTIL-PB" Name="PRESCALER_1Hz_utilization_synth.pb"/>
  <File Type="RDS-DCP" Name="PRESCALER_1Hz.dcp"/>
  <File Type="VDS-TIMINGSUMMARY" Name="PRESCALER_1Hz_timing_summary_synth.rpt"/>
  <File Type="VDS-TIMING-PB" Name="PRESCALER_1Hz_timing_summary_synth.pb"/>
  <FileSet Name="sources" Type="DesignSrcs" RelSrcDir="$PSRCDIR/sources_1" RelGenDir="$PGENDIR/sources_1">
    <Filter Type="Srcs"/>
    <File Path="$PSRCDIR/sources_1/new/PRESCALER_1Hz.vhd">
      <FileInfo>
        <Attr Name="UsedIn" Val="synthesis"/>
        <Attr Name="UsedIn" Val="simulation"/>
      </FileInfo>
    </File>
    <Config>
      <Option Name="DesignMode" Val="RTL"/>
      <Option Name="TopModule" Val="PRESCALER_1Hz"/>
      <Option Name="TopAutoSet" Val="TRUE"/>
    </Config>
  </FileSet>
  <FileSet Name="constrs_in" Type="Constrs" RelSrcDir="$PSRCDIR/constrs_1">
    <Filter Type="Constrs"/>
    <File Path="$PSRCDIR/constrs_1/new/PRESCALER_1Hz_RESTRICC.xdc">
      <FileInfo>
        <Attr Name="UsedIn" Val="synthesis"/>
        <Attr Name="UsedIn" Val="implementation"/>
      </FileInfo>
    </File>
    <Config>
      <Option Name="ConstrsType" Val="XDC"/>
    </Config>
  </FileSet>
  <FileSet Name="utils" Type="Utils" RelSrcDir="$PSRCDIR/utils_1">
    <Filter Type="Utils"/>
    <Config>
      <Option Name="TopAutoSet" Val="TRUE"/>
    </Config>
  </FileSet>
  <Strategy Version="1" Minor="2">
    <StratHandle Name="Vivado Synthesis Defaults" Flow="Vivado Synthesis 2021">
      <Desc>Vivado Synthesis Defaults</Desc>
    </StratHandle>
    <Step Id="synth_design"/>
  </Strategy>
</GenRun>
