<?xml version="1.0" encoding="UTF-8"?>
<GenRun Id="synth_1" LaunchPart="xc7a100tcsg324-1" LaunchTime="1714465650">
  <File Type="PA-TCL" Name="FSM_DEBOUNCE_TIMER.tcl"/>
  <File Type="RDS-PROPCONSTRS" Name="FSM_DEBOUNCE_TIMER_drc_synth.rpt"/>
  <File Type="REPORTS-TCL" Name="FSM_DEBOUNCE_TIMER_reports.tcl"/>
  <File Type="RDS-RDS" Name="FSM_DEBOUNCE_TIMER.vds"/>
  <File Type="RDS-UTIL" Name="FSM_DEBOUNCE_TIMER_utilization_synth.rpt"/>
  <File Type="RDS-UTIL-PB" Name="FSM_DEBOUNCE_TIMER_utilization_synth.pb"/>
  <File Type="RDS-DCP" Name="FSM_DEBOUNCE_TIMER.dcp"/>
  <File Type="VDS-TIMINGSUMMARY" Name="FSM_DEBOUNCE_TIMER_timing_summary_synth.rpt"/>
  <File Type="VDS-TIMING-PB" Name="FSM_DEBOUNCE_TIMER_timing_summary_synth.pb"/>
  <FileSet Name="sources" Type="DesignSrcs" RelSrcDir="$PSRCDIR/sources_1" RelGenDir="$PGENDIR/sources_1">
    <Filter Type="Srcs"/>
    <File Path="$PSRCDIR/sources_1/new/FSM_DEBOUNCE_TIMER.vhd">
      <FileInfo>
        <Attr Name="UsedIn" Val="synthesis"/>
        <Attr Name="UsedIn" Val="simulation"/>
      </FileInfo>
    </File>
    <File Path="$PSRCDIR/sources_1/new/FSM_EDGE_DETECTOR.vhd">
      <FileInfo>
        <Attr Name="AutoDisabled" Val="1"/>
        <Attr Name="UsedIn" Val="synthesis"/>
        <Attr Name="UsedIn" Val="simulation"/>
      </FileInfo>
    </File>
    <Config>
      <Option Name="DesignMode" Val="RTL"/>
      <Option Name="TopModule" Val="FSM_DEBOUNCE_TIMER"/>
    </Config>
  </FileSet>
  <FileSet Name="constrs_in" Type="Constrs" RelSrcDir="$PSRCDIR/constrs_1">
    <Filter Type="Constrs"/>
    <Config>
      <Option Name="ConstrsType" Val="XDC"/>
    </Config>
  </FileSet>
  <FileSet Name="utils" Type="Utils" RelSrcDir="$PSRCDIR/utils_1">
    <Filter Type="Utils"/>
    <Config>
      <Option Name="TopAutoSet" Val="TRUE"/>
    </Config>
  </FileSet>
  <Strategy Version="1" Minor="2">
    <StratHandle Name="Vivado Synthesis Defaults" Flow="Vivado Synthesis 2021">
      <Desc>Vivado Synthesis Defaults</Desc>
    </StratHandle>
    <Step Id="synth_design"/>
  </Strategy>
</GenRun>
