<?xml version="1.0" encoding="UTF-8"?>
<GenRun Id="impl_1" LaunchPart="xc7a100tcsg324-1" LaunchTime="1710320583">
  <File Type="ROUTE-PWR" Name="FFD_power_routed.rpt"/>
  <File Type="PA-TCL" Name="FFD.tcl"/>
  <File Type="BITSTR-MMI" Name="FFD.mmi"/>
  <File Type="OPT-METHODOLOGY-DRC" Name="FFD_methodology_drc_opted.rpt"/>
  <File Type="INIT-TIMING" Name="FFD_timing_summary_init.rpt"/>
  <File Type="ROUTE-PWR-SUM" Name="FFD_power_summary_routed.pb"/>
  <File Type="REPORTS-TCL" Name="FFD_reports.tcl"/>
  <File Type="OPT-TIMING" Name="FFD_timing_summary_opted.rpt"/>
  <File Type="OPT-DCP" Name="FFD_opt.dcp"/>
  <File Type="OPT-DRC" Name="FFD_drc_opted.rpt"/>
  <File Type="OPT-HWDEF" Name="FFD.hwdef"/>
  <File Type="PWROPT-DCP" Name="FFD_pwropt.dcp"/>
  <File Type="PWROPT-DRC" Name="FFD_drc_pwropted.rpt"/>
  <File Type="PWROPT-TIMING" Name="FFD_timing_summary_pwropted.rpt"/>
  <File Type="PLACE-DCP" Name="FFD_placed.dcp"/>
  <File Type="PLACE-IO" Name="FFD_io_placed.rpt"/>
  <File Type="PLACE-CLK" Name="FFD_clock_utilization_placed.rpt"/>
  <File Type="PLACE-UTIL" Name="FFD_utilization_placed.rpt"/>
  <File Type="PLACE-UTIL-PB" Name="FFD_utilization_placed.pb"/>
  <File Type="PLACE-CTRL" Name="FFD_control_sets_placed.rpt"/>
  <File Type="PLACE-SIMILARITY" Name="FFD_incremental_reuse_placed.rpt"/>
  <File Type="PLACE-PRE-SIMILARITY" Name="FFD_incremental_reuse_pre_placed.rpt"/>
  <File Type="BG-BIN" Name="FFD.bin"/>
  <File Type="PLACE-TIMING" Name="FFD_timing_summary_placed.rpt"/>
  <File Type="POSTPLACE-PWROPT-DCP" Name="FFD_postplace_pwropt.dcp"/>
  <File Type="BITSTR-MSK" Name="FFD.msk"/>
  <File Type="POSTPLACE-PWROPT-TIMING" Name="FFD_timing_summary_postplace_pwropted.rpt"/>
  <File Type="PHYSOPT-DCP" Name="FFD_physopt.dcp"/>
  <File Type="PHYSOPT-DRC" Name="FFD_drc_physopted.rpt"/>
  <File Type="BITSTR-RBT" Name="FFD.rbt"/>
  <File Type="PHYSOPT-TIMING" Name="FFD_timing_summary_physopted.rpt"/>
  <File Type="ROUTE-ERROR-DCP" Name="FFD_routed_error.dcp"/>
  <File Type="ROUTE-DCP" Name="FFD_routed.dcp"/>
  <File Type="ROUTE-BLACKBOX-DCP" Name="FFD_routed_bb.dcp"/>
  <File Type="ROUTE-DRC" Name="FFD_drc_routed.rpt"/>
  <File Type="ROUTE-DRC-PB" Name="FFD_drc_routed.pb"/>
  <File Type="ROUTE-DRC-RPX" Name="FFD_drc_routed.rpx"/>
  <File Type="ROUTE-METHODOLOGY-DRC" Name="FFD_methodology_drc_routed.rpt"/>
  <File Type="ROUTE-METHODOLOGY-DRC-RPX" Name="FFD_methodology_drc_routed.rpx"/>
  <File Type="ROUTE-METHODOLOGY-DRC-PB" Name="FFD_methodology_drc_routed.pb"/>
  <File Type="ROUTE-PWR-RPX" Name="FFD_power_routed.rpx"/>
  <File Type="ROUTE-STATUS" Name="FFD_route_status.rpt"/>
  <File Type="ROUTE-STATUS-PB" Name="FFD_route_status.pb"/>
  <File Type="ROUTE-TIMINGSUMMARY" Name="FFD_timing_summary_routed.rpt"/>
  <File Type="ROUTE-TIMING-PB" Name="FFD_timing_summary_routed.pb"/>
  <File Type="ROUTE-TIMING-RPX" Name="FFD_timing_summary_routed.rpx"/>
  <File Type="ROUTE-SIMILARITY" Name="FFD_incremental_reuse_routed.rpt"/>
  <File Type="ROUTE-CLK" Name="FFD_clock_utilization_routed.rpt"/>
  <File Type="ROUTE-BUS-SKEW" Name="FFD_bus_skew_routed.rpt"/>
  <File Type="ROUTE-BUS-SKEW-PB" Name="FFD_bus_skew_routed.pb"/>
  <File Type="ROUTE-BUS-SKEW-RPX" Name="FFD_bus_skew_routed.rpx"/>
  <File Type="POSTROUTE-PHYSOPT-DCP" Name="FFD_postroute_physopt.dcp"/>
  <File Type="POSTROUTE-PHYSOPT-BLACKBOX-DCP" Name="FFD_postroute_physopt_bb.dcp"/>
  <File Type="POSTROUTE-PHYSOPT-TIMING" Name="FFD_timing_summary_postroute_physopted.rpt"/>
  <File Type="POSTROUTE-PHYSOPT-TIMING-PB" Name="FFD_timing_summary_postroute_physopted.pb"/>
  <File Type="POSTROUTE-PHYSOPT-TIMING-RPX" Name="FFD_timing_summary_postroute_physopted.rpx"/>
  <File Type="POSTROUTE-PHYSOPT-BUS-SKEW" Name="FFD_bus_skew_postroute_physopted.rpt"/>
  <File Type="BG-BIT" Name="FFD.bit"/>
  <File Type="POSTROUTE-PHYSOPT-BUS-SKEW-PB" Name="FFD_bus_skew_postroute_physopted.pb"/>
  <File Type="POSTROUTE-PHYSOPT-BUS-SKEW-RPX" Name="FFD_bus_skew_postroute_physopted.rpx"/>
  <File Type="BITSTR-NKY" Name="FFD.nky"/>
  <File Type="BITSTR-BMM" Name="FFD_bd.bmm"/>
  <File Type="PDI-FILE" Name="FFD.pdi"/>
  <File Type="RCFI_FILE" Name="FFD.rcfi"/>
  <File Type="CFI_FILE" Name="FFD.cfi"/>
  <File Type="RNPI_FILE" Name="FFD.rnpi"/>
  <File Type="NPI_FILE" Name="FFD.npi"/>
  <File Type="RBD_FILE" Name="FFD.rbd"/>
  <File Type="BITSTR-LTX" Name="debug_nets.ltx"/>
  <File Type="BITSTR-LTX" Name="FFD.ltx"/>
  <File Type="BITSTR-SYSDEF" Name="FFD.sysdef"/>
  <File Type="BG-BGN" Name="FFD.bgn"/>
  <File Type="BG-DRC" Name="FFD.drc"/>
  <File Type="RDI-RDI" Name="FFD.vdi"/>
  <File Type="WBT-USG" Name="usage_statistics_webtalk.html"/>
  <FileSet Name="sources" Type="DesignSrcs" RelSrcDir="$PSRCDIR/sources_1" RelGenDir="$PGENDIR/sources_1">
    <Filter Type="Srcs"/>
    <File Path="$PSRCDIR/sources_1/new/FFD.vhd">
      <FileInfo>
        <Attr Name="UsedIn" Val="synthesis"/>
        <Attr Name="UsedIn" Val="simulation"/>
      </FileInfo>
    </File>
    <File Path="$PSRCDIR/sources_1/new/Flip-Flop D Basico.vhd">
      <FileInfo>
        <Attr Name="AutoDisabled" Val="1"/>
        <Attr Name="UsedIn" Val="synthesis"/>
        <Attr Name="UsedIn" Val="simulation"/>
      </FileInfo>
    </File>
    <File Path="$PSRCDIR/sources_1/new/FlipFlop_D_Basico_TB.vhd">
      <FileInfo>
        <Attr Name="AutoDisabled" Val="1"/>
        <Attr Name="UsedIn" Val="synthesis"/>
        <Attr Name="UsedIn" Val="simulation"/>
      </FileInfo>
    </File>
    <Config>
      <Option Name="DesignMode" Val="RTL"/>
      <Option Name="TopModule" Val="FFD"/>
    </Config>
  </FileSet>
  <FileSet Name="constrs_in" Type="Constrs" RelSrcDir="$PSRCDIR/constrs_1">
    <Filter Type="Constrs"/>
    <File Path="$PSRCDIR/constrs_1/new/RESTRICC.xdc">
      <FileInfo>
        <Attr Name="UsedIn" Val="synthesis"/>
        <Attr Name="UsedIn" Val="implementation"/>
      </FileInfo>
    </File>
    <Config>
      <Option Name="ConstrsType" Val="XDC"/>
    </Config>
  </FileSet>
  <FileSet Name="utils" Type="Utils" RelSrcDir="$PSRCDIR/utils_1">
    <Filter Type="Utils"/>
    <Config>
      <Option Name="TopAutoSet" Val="TRUE"/>
    </Config>
  </FileSet>
  <Strategy Version="1" Minor="2">
    <StratHandle Name="Vivado Implementation Defaults" Flow="Vivado Implementation 2021">
      <Desc>Default settings for Implementation.</Desc>
    </StratHandle>
    <Step Id="init_design"/>
    <Step Id="opt_design"/>
    <Step Id="power_opt_design"/>
    <Step Id="place_design"/>
    <Step Id="post_place_power_opt_design"/>
    <Step Id="phys_opt_design"/>
    <Step Id="route_design"/>
    <Step Id="post_route_phys_opt_design"/>
    <Step Id="write_bitstream"/>
  </Strategy>
</GenRun>
