<?xml version="1.0" encoding="UTF-8"?>
<GenRun Id="impl_1" LaunchPart="xc7a100tcsg324-1" LaunchTime="1710330619">
  <File Type="ROUTE-PWR" Name="REG_5_BITS_power_routed.rpt"/>
  <File Type="PA-TCL" Name="REG_5_BITS.tcl"/>
  <File Type="BITSTR-MMI" Name="REG_5_BITS.mmi"/>
  <File Type="OPT-METHODOLOGY-DRC" Name="REG_5_BITS_methodology_drc_opted.rpt"/>
  <File Type="INIT-TIMING" Name="REG_5_BITS_timing_summary_init.rpt"/>
  <File Type="ROUTE-PWR-SUM" Name="REG_5_BITS_power_summary_routed.pb"/>
  <File Type="REPORTS-TCL" Name="REG_5_BITS_reports.tcl"/>
  <File Type="OPT-TIMING" Name="REG_5_BITS_timing_summary_opted.rpt"/>
  <File Type="OPT-DCP" Name="REG_5_BITS_opt.dcp"/>
  <File Type="OPT-DRC" Name="REG_5_BITS_drc_opted.rpt"/>
  <File Type="OPT-HWDEF" Name="REG_5_BITS.hwdef"/>
  <File Type="PWROPT-DCP" Name="REG_5_BITS_pwropt.dcp"/>
  <File Type="PWROPT-DRC" Name="REG_5_BITS_drc_pwropted.rpt"/>
  <File Type="PWROPT-TIMING" Name="REG_5_BITS_timing_summary_pwropted.rpt"/>
  <File Type="PLACE-DCP" Name="REG_5_BITS_placed.dcp"/>
  <File Type="PLACE-IO" Name="REG_5_BITS_io_placed.rpt"/>
  <File Type="PLACE-CLK" Name="REG_5_BITS_clock_utilization_placed.rpt"/>
  <File Type="PLACE-UTIL" Name="REG_5_BITS_utilization_placed.rpt"/>
  <File Type="PLACE-UTIL-PB" Name="REG_5_BITS_utilization_placed.pb"/>
  <File Type="PLACE-CTRL" Name="REG_5_BITS_control_sets_placed.rpt"/>
  <File Type="PLACE-SIMILARITY" Name="REG_5_BITS_incremental_reuse_placed.rpt"/>
  <File Type="PLACE-PRE-SIMILARITY" Name="REG_5_BITS_incremental_reuse_pre_placed.rpt"/>
  <File Type="BG-BIN" Name="REG_5_BITS.bin"/>
  <File Type="PLACE-TIMING" Name="REG_5_BITS_timing_summary_placed.rpt"/>
  <File Type="POSTPLACE-PWROPT-DCP" Name="REG_5_BITS_postplace_pwropt.dcp"/>
  <File Type="BITSTR-MSK" Name="REG_5_BITS.msk"/>
  <File Type="POSTPLACE-PWROPT-TIMING" Name="REG_5_BITS_timing_summary_postplace_pwropted.rpt"/>
  <File Type="PHYSOPT-DCP" Name="REG_5_BITS_physopt.dcp"/>
  <File Type="PHYSOPT-DRC" Name="REG_5_BITS_drc_physopted.rpt"/>
  <File Type="BITSTR-RBT" Name="REG_5_BITS.rbt"/>
  <File Type="PHYSOPT-TIMING" Name="REG_5_BITS_timing_summary_physopted.rpt"/>
  <File Type="ROUTE-ERROR-DCP" Name="REG_5_BITS_routed_error.dcp"/>
  <File Type="ROUTE-DCP" Name="REG_5_BITS_routed.dcp"/>
  <File Type="ROUTE-BLACKBOX-DCP" Name="REG_5_BITS_routed_bb.dcp"/>
  <File Type="ROUTE-DRC" Name="REG_5_BITS_drc_routed.rpt"/>
  <File Type="ROUTE-DRC-PB" Name="REG_5_BITS_drc_routed.pb"/>
  <File Type="ROUTE-DRC-RPX" Name="REG_5_BITS_drc_routed.rpx"/>
  <File Type="ROUTE-METHODOLOGY-DRC" Name="REG_5_BITS_methodology_drc_routed.rpt"/>
  <File Type="ROUTE-METHODOLOGY-DRC-RPX" Name="REG_5_BITS_methodology_drc_routed.rpx"/>
  <File Type="ROUTE-METHODOLOGY-DRC-PB" Name="REG_5_BITS_methodology_drc_routed.pb"/>
  <File Type="ROUTE-PWR-RPX" Name="REG_5_BITS_power_routed.rpx"/>
  <File Type="ROUTE-STATUS" Name="REG_5_BITS_route_status.rpt"/>
  <File Type="ROUTE-STATUS-PB" Name="REG_5_BITS_route_status.pb"/>
  <File Type="ROUTE-TIMINGSUMMARY" Name="REG_5_BITS_timing_summary_routed.rpt"/>
  <File Type="ROUTE-TIMING-PB" Name="REG_5_BITS_timing_summary_routed.pb"/>
  <File Type="ROUTE-TIMING-RPX" Name="REG_5_BITS_timing_summary_routed.rpx"/>
  <File Type="ROUTE-SIMILARITY" Name="REG_5_BITS_incremental_reuse_routed.rpt"/>
  <File Type="ROUTE-CLK" Name="REG_5_BITS_clock_utilization_routed.rpt"/>
  <File Type="ROUTE-BUS-SKEW" Name="REG_5_BITS_bus_skew_routed.rpt"/>
  <File Type="ROUTE-BUS-SKEW-PB" Name="REG_5_BITS_bus_skew_routed.pb"/>
  <File Type="ROUTE-BUS-SKEW-RPX" Name="REG_5_BITS_bus_skew_routed.rpx"/>
  <File Type="POSTROUTE-PHYSOPT-DCP" Name="REG_5_BITS_postroute_physopt.dcp"/>
  <File Type="POSTROUTE-PHYSOPT-BLACKBOX-DCP" Name="REG_5_BITS_postroute_physopt_bb.dcp"/>
  <File Type="POSTROUTE-PHYSOPT-TIMING" Name="REG_5_BITS_timing_summary_postroute_physopted.rpt"/>
  <File Type="POSTROUTE-PHYSOPT-TIMING-PB" Name="REG_5_BITS_timing_summary_postroute_physopted.pb"/>
  <File Type="POSTROUTE-PHYSOPT-TIMING-RPX" Name="REG_5_BITS_timing_summary_postroute_physopted.rpx"/>
  <File Type="POSTROUTE-PHYSOPT-BUS-SKEW" Name="REG_5_BITS_bus_skew_postroute_physopted.rpt"/>
  <File Type="BG-BIT" Name="REG_5_BITS.bit"/>
  <File Type="POSTROUTE-PHYSOPT-BUS-SKEW-PB" Name="REG_5_BITS_bus_skew_postroute_physopted.pb"/>
  <File Type="POSTROUTE-PHYSOPT-BUS-SKEW-RPX" Name="REG_5_BITS_bus_skew_postroute_physopted.rpx"/>
  <File Type="BITSTR-NKY" Name="REG_5_BITS.nky"/>
  <File Type="BITSTR-BMM" Name="REG_5_BITS_bd.bmm"/>
  <File Type="PDI-FILE" Name="REG_5_BITS.pdi"/>
  <File Type="RCFI_FILE" Name="REG_5_BITS.rcfi"/>
  <File Type="CFI_FILE" Name="REG_5_BITS.cfi"/>
  <File Type="RNPI_FILE" Name="REG_5_BITS.rnpi"/>
  <File Type="NPI_FILE" Name="REG_5_BITS.npi"/>
  <File Type="RBD_FILE" Name="REG_5_BITS.rbd"/>
  <File Type="BITSTR-LTX" Name="debug_nets.ltx"/>
  <File Type="BITSTR-LTX" Name="REG_5_BITS.ltx"/>
  <File Type="BITSTR-SYSDEF" Name="REG_5_BITS.sysdef"/>
  <File Type="BG-BGN" Name="REG_5_BITS.bgn"/>
  <File Type="BG-DRC" Name="REG_5_BITS.drc"/>
  <File Type="RDI-RDI" Name="REG_5_BITS.vdi"/>
  <File Type="WBT-USG" Name="usage_statistics_webtalk.html"/>
  <FileSet Name="sources" Type="DesignSrcs" RelSrcDir="$PSRCDIR/sources_1" RelGenDir="$PGENDIR/sources_1">
    <Filter Type="Srcs"/>
    <File Path="$PSRCDIR/sources_1/new/REG_5_BITS.vhd">
      <FileInfo>
        <Attr Name="UsedIn" Val="synthesis"/>
        <Attr Name="UsedIn" Val="simulation"/>
      </FileInfo>
    </File>
    <Config>
      <Option Name="DesignMode" Val="RTL"/>
      <Option Name="TopModule" Val="REG_5_BITS"/>
      <Option Name="TopAutoSet" Val="TRUE"/>
    </Config>
  </FileSet>
  <FileSet Name="constrs_in" Type="Constrs" RelSrcDir="$PSRCDIR/constrs_1">
    <Filter Type="Constrs"/>
    <File Path="$PSRCDIR/constrs_1/new/RESTRICC.xdc">
      <FileInfo>
        <Attr Name="UsedIn" Val="synthesis"/>
        <Attr Name="UsedIn" Val="implementation"/>
      </FileInfo>
    </File>
    <Config>
      <Option Name="ConstrsType" Val="XDC"/>
    </Config>
  </FileSet>
  <FileSet Name="utils" Type="Utils" RelSrcDir="$PSRCDIR/utils_1">
    <Filter Type="Utils"/>
    <Config>
      <Option Name="TopAutoSet" Val="TRUE"/>
    </Config>
  </FileSet>
  <Strategy Version="1" Minor="2">
    <StratHandle Name="Vivado Implementation Defaults" Flow="Vivado Implementation 2021">
      <Desc>Default settings for Implementation.</Desc>
    </StratHandle>
    <Step Id="init_design"/>
    <Step Id="opt_design"/>
    <Step Id="power_opt_design"/>
    <Step Id="place_design"/>
    <Step Id="post_place_power_opt_design"/>
    <Step Id="phys_opt_design"/>
    <Step Id="route_design"/>
    <Step Id="post_route_phys_opt_design"/>
    <Step Id="write_bitstream"/>
  </Strategy>
</GenRun>
