<?xml version="1.0" encoding="UTF-8"?>
<GenRun Id="impl_1" LaunchPart="xc7a100tcsg324-1" LaunchTime="1712135674">
  <File Type="ROUTE-PWR" Name="DISP7SEG_8ON_power_routed.rpt"/>
  <File Type="PA-TCL" Name="DISP7SEG_8ON.tcl"/>
  <File Type="BITSTR-MMI" Name="DISP7SEG_8ON.mmi"/>
  <File Type="OPT-METHODOLOGY-DRC" Name="DISP7SEG_8ON_methodology_drc_opted.rpt"/>
  <File Type="INIT-TIMING" Name="DISP7SEG_8ON_timing_summary_init.rpt"/>
  <File Type="ROUTE-PWR-SUM" Name="DISP7SEG_8ON_power_summary_routed.pb"/>
  <File Type="REPORTS-TCL" Name="DISP7SEG_8ON_reports.tcl"/>
  <File Type="OPT-TIMING" Name="DISP7SEG_8ON_timing_summary_opted.rpt"/>
  <File Type="OPT-DCP" Name="DISP7SEG_8ON_opt.dcp"/>
  <File Type="OPT-DRC" Name="DISP7SEG_8ON_drc_opted.rpt"/>
  <File Type="OPT-HWDEF" Name="DISP7SEG_8ON.hwdef"/>
  <File Type="PWROPT-DCP" Name="DISP7SEG_8ON_pwropt.dcp"/>
  <File Type="PWROPT-DRC" Name="DISP7SEG_8ON_drc_pwropted.rpt"/>
  <File Type="PWROPT-TIMING" Name="DISP7SEG_8ON_timing_summary_pwropted.rpt"/>
  <File Type="PLACE-DCP" Name="DISP7SEG_8ON_placed.dcp"/>
  <File Type="PLACE-IO" Name="DISP7SEG_8ON_io_placed.rpt"/>
  <File Type="PLACE-CLK" Name="DISP7SEG_8ON_clock_utilization_placed.rpt"/>
  <File Type="PLACE-UTIL" Name="DISP7SEG_8ON_utilization_placed.rpt"/>
  <File Type="PLACE-UTIL-PB" Name="DISP7SEG_8ON_utilization_placed.pb"/>
  <File Type="PLACE-CTRL" Name="DISP7SEG_8ON_control_sets_placed.rpt"/>
  <File Type="PLACE-SIMILARITY" Name="DISP7SEG_8ON_incremental_reuse_placed.rpt"/>
  <File Type="PLACE-PRE-SIMILARITY" Name="DISP7SEG_8ON_incremental_reuse_pre_placed.rpt"/>
  <File Type="BG-BIN" Name="DISP7SEG_8ON.bin"/>
  <File Type="PLACE-TIMING" Name="DISP7SEG_8ON_timing_summary_placed.rpt"/>
  <File Type="POSTPLACE-PWROPT-DCP" Name="DISP7SEG_8ON_postplace_pwropt.dcp"/>
  <File Type="BITSTR-MSK" Name="DISP7SEG_8ON.msk"/>
  <File Type="POSTPLACE-PWROPT-TIMING" Name="DISP7SEG_8ON_timing_summary_postplace_pwropted.rpt"/>
  <File Type="PHYSOPT-DCP" Name="DISP7SEG_8ON_physopt.dcp"/>
  <File Type="PHYSOPT-DRC" Name="DISP7SEG_8ON_drc_physopted.rpt"/>
  <File Type="BITSTR-RBT" Name="DISP7SEG_8ON.rbt"/>
  <File Type="PHYSOPT-TIMING" Name="DISP7SEG_8ON_timing_summary_physopted.rpt"/>
  <File Type="ROUTE-ERROR-DCP" Name="DISP7SEG_8ON_routed_error.dcp"/>
  <File Type="ROUTE-DCP" Name="DISP7SEG_8ON_routed.dcp"/>
  <File Type="ROUTE-BLACKBOX-DCP" Name="DISP7SEG_8ON_routed_bb.dcp"/>
  <File Type="ROUTE-DRC" Name="DISP7SEG_8ON_drc_routed.rpt"/>
  <File Type="ROUTE-DRC-PB" Name="DISP7SEG_8ON_drc_routed.pb"/>
  <File Type="ROUTE-DRC-RPX" Name="DISP7SEG_8ON_drc_routed.rpx"/>
  <File Type="ROUTE-METHODOLOGY-DRC" Name="DISP7SEG_8ON_methodology_drc_routed.rpt"/>
  <File Type="ROUTE-METHODOLOGY-DRC-RPX" Name="DISP7SEG_8ON_methodology_drc_routed.rpx"/>
  <File Type="ROUTE-METHODOLOGY-DRC-PB" Name="DISP7SEG_8ON_methodology_drc_routed.pb"/>
  <File Type="ROUTE-PWR-RPX" Name="DISP7SEG_8ON_power_routed.rpx"/>
  <File Type="ROUTE-STATUS" Name="DISP7SEG_8ON_route_status.rpt"/>
  <File Type="ROUTE-STATUS-PB" Name="DISP7SEG_8ON_route_status.pb"/>
  <File Type="ROUTE-TIMINGSUMMARY" Name="DISP7SEG_8ON_timing_summary_routed.rpt"/>
  <File Type="ROUTE-TIMING-PB" Name="DISP7SEG_8ON_timing_summary_routed.pb"/>
  <File Type="ROUTE-TIMING-RPX" Name="DISP7SEG_8ON_timing_summary_routed.rpx"/>
  <File Type="ROUTE-SIMILARITY" Name="DISP7SEG_8ON_incremental_reuse_routed.rpt"/>
  <File Type="ROUTE-CLK" Name="DISP7SEG_8ON_clock_utilization_routed.rpt"/>
  <File Type="ROUTE-BUS-SKEW" Name="DISP7SEG_8ON_bus_skew_routed.rpt"/>
  <File Type="ROUTE-BUS-SKEW-PB" Name="DISP7SEG_8ON_bus_skew_routed.pb"/>
  <File Type="ROUTE-BUS-SKEW-RPX" Name="DISP7SEG_8ON_bus_skew_routed.rpx"/>
  <File Type="POSTROUTE-PHYSOPT-DCP" Name="DISP7SEG_8ON_postroute_physopt.dcp"/>
  <File Type="POSTROUTE-PHYSOPT-BLACKBOX-DCP" Name="DISP7SEG_8ON_postroute_physopt_bb.dcp"/>
  <File Type="POSTROUTE-PHYSOPT-TIMING" Name="DISP7SEG_8ON_timing_summary_postroute_physopted.rpt"/>
  <File Type="POSTROUTE-PHYSOPT-TIMING-PB" Name="DISP7SEG_8ON_timing_summary_postroute_physopted.pb"/>
  <File Type="POSTROUTE-PHYSOPT-TIMING-RPX" Name="DISP7SEG_8ON_timing_summary_postroute_physopted.rpx"/>
  <File Type="POSTROUTE-PHYSOPT-BUS-SKEW" Name="DISP7SEG_8ON_bus_skew_postroute_physopted.rpt"/>
  <File Type="BG-BIT" Name="DISP7SEG_8ON.bit"/>
  <File Type="POSTROUTE-PHYSOPT-BUS-SKEW-PB" Name="DISP7SEG_8ON_bus_skew_postroute_physopted.pb"/>
  <File Type="POSTROUTE-PHYSOPT-BUS-SKEW-RPX" Name="DISP7SEG_8ON_bus_skew_postroute_physopted.rpx"/>
  <File Type="BITSTR-NKY" Name="DISP7SEG_8ON.nky"/>
  <File Type="BITSTR-BMM" Name="DISP7SEG_8ON_bd.bmm"/>
  <File Type="PDI-FILE" Name="DISP7SEG_8ON.pdi"/>
  <File Type="RCFI_FILE" Name="DISP7SEG_8ON.rcfi"/>
  <File Type="CFI_FILE" Name="DISP7SEG_8ON.cfi"/>
  <File Type="RNPI_FILE" Name="DISP7SEG_8ON.rnpi"/>
  <File Type="NPI_FILE" Name="DISP7SEG_8ON.npi"/>
  <File Type="RBD_FILE" Name="DISP7SEG_8ON.rbd"/>
  <File Type="BITSTR-LTX" Name="debug_nets.ltx"/>
  <File Type="BITSTR-LTX" Name="DISP7SEG_8ON.ltx"/>
  <File Type="BITSTR-SYSDEF" Name="DISP7SEG_8ON.sysdef"/>
  <File Type="BG-BGN" Name="DISP7SEG_8ON.bgn"/>
  <File Type="BG-DRC" Name="DISP7SEG_8ON.drc"/>
  <File Type="RDI-RDI" Name="DISP7SEG_8ON.vdi"/>
  <File Type="WBT-USG" Name="usage_statistics_webtalk.html"/>
  <FileSet Name="sources" Type="DesignSrcs" RelSrcDir="$PSRCDIR/sources_1" RelGenDir="$PGENDIR/sources_1">
    <Filter Type="Srcs"/>
    <File Path="$PSRCDIR/sources_1/imports/new/CE_N_Hz.vhd">
      <FileInfo>
        <Attr Name="ImportPath" Val="$PPRDIR/../project_19/project_19.srcs/sources_1/new/CE_N_Hz.vhd"/>
        <Attr Name="ImportTime" Val="1710929672"/>
        <Attr Name="UsedIn" Val="synthesis"/>
        <Attr Name="UsedIn" Val="simulation"/>
      </FileInfo>
    </File>
    <File Path="$PSRCDIR/sources_1/imports/Downloads/COUNTER_N_bits.vhd">
      <FileInfo>
        <Attr Name="ImportPath" Val="$PPRDIR/../../../Downloads/COUNTER_N_bits.vhd"/>
        <Attr Name="ImportTime" Val="1712129993"/>
        <Attr Name="UsedIn" Val="synthesis"/>
        <Attr Name="UsedIn" Val="simulation"/>
      </FileInfo>
    </File>
    <File Path="$PSRCDIR/sources_1/imports/LIB_TDC/DISP7SEG.vhd">
      <FileInfo>
        <Attr Name="ImportPath" Val="$PPRDIR/../../LIB_TDC/DISP7SEG.vhd"/>
        <Attr Name="ImportTime" Val="1708505800"/>
        <Attr Name="UsedIn" Val="synthesis"/>
        <Attr Name="UsedIn" Val="simulation"/>
      </FileInfo>
    </File>
    <File Path="$PSRCDIR/sources_1/new/DISP7SEG_8ON.vhd">
      <FileInfo>
        <Attr Name="UsedIn" Val="synthesis"/>
        <Attr Name="UsedIn" Val="simulation"/>
      </FileInfo>
    </File>
    <Config>
      <Option Name="DesignMode" Val="RTL"/>
      <Option Name="TopModule" Val="DISP7SEG_8ON"/>
      <Option Name="TopAutoSet" Val="TRUE"/>
    </Config>
  </FileSet>
  <FileSet Name="constrs_in" Type="Constrs" RelSrcDir="$PSRCDIR/constrs_1">
    <Filter Type="Constrs"/>
    <File Path="$PSRCDIR/constrs_1/new/restricc.xdc">
      <FileInfo>
        <Attr Name="UsedIn" Val="synthesis"/>
        <Attr Name="UsedIn" Val="implementation"/>
      </FileInfo>
    </File>
    <Config>
      <Option Name="ConstrsType" Val="XDC"/>
    </Config>
  </FileSet>
  <FileSet Name="utils" Type="Utils" RelSrcDir="$PSRCDIR/utils_1">
    <Filter Type="Utils"/>
    <Config>
      <Option Name="TopAutoSet" Val="TRUE"/>
    </Config>
  </FileSet>
  <Strategy Version="1" Minor="2">
    <StratHandle Name="Vivado Implementation Defaults" Flow="Vivado Implementation 2021"/>
    <Step Id="init_design"/>
    <Step Id="opt_design"/>
    <Step Id="power_opt_design"/>
    <Step Id="place_design"/>
    <Step Id="post_place_power_opt_design"/>
    <Step Id="phys_opt_design"/>
    <Step Id="route_design"/>
    <Step Id="post_route_phys_opt_design"/>
    <Step Id="write_bitstream"/>
  </Strategy>
</GenRun>
